id,sku,name,brand,status
0ffa56fc-0886-762c-2811-0b90b00adb06,AOSP000,샤샤 아르간 오일 샴푸1500ml,SHASHA,active
6759e15c-8da4-7e40-03e8-b966c80dd0dd,AORS000,샤샤 아르간 오일 컨디셔너1500ml,SHASHA,active
c475d3f1-61c8-4284-8b30-ef8f9bad41ba,RRBM002,로에랑스 터치 마이바디 퍼퓸미스트- 해피데이250ml,LOERANCE,active
899c3838-61ee-6312-681b-584e621a2ab9,RRBM004,로에랑스 터치 마이바디 퍼퓸미스트- 문라이트250ml,LOERANCE,active
eb989d4e-ffed-1f22-ca60-135d5cc676db,RRBM006,로에랑스 터치 마이바디 퍼퓸미스트- 퓨어솝250ml,LOERANCE,active
38b028ab-6b06-57a6-53f9-fddc311e5dc9,배송비,배송비,,active
cda3709e-5331-de2e-bb21-6e003f18a3bd,BBHC001,바바리라 퍼퓸드 핸드크림- 가든로즈60ml,,active
f7b1cb4d-51d5-fb39-cc22-b51fe0e9c8ce,BBHC002,바바리라 퍼퓸드 핸드크림- 패션프룻60ml,,active
e6d1bf6f-733e-4d3c-883f-eb3c371160d1,BBHC003,바바리라 퍼퓸드 핸드크림- 쁘띠걸60ml,,active
173fa694-dcc1-f5ce-1ef4-73e21bb8b129,BBHC004,바바리라 퍼퓸드 핸드크림- 로즈페탈60ml,,active
a64522b9-a860-f3b4-d0af-7612533cc5c7,BBHC006,바바리라 퍼퓸드 핸드크림- 드림라이크60ml,,active
6266d2d6-c379-6d38-c7d5-891d9f6cf307,BBHC005,바바리라 퍼퓸드 핸드크림- 헤븐플로랄60ml,,active
184472df-ca91-9bcd-e361-a9bab04d67cf,PDSPM09,페디슨 인스티튜트-보떼 아로니아 컬러 프로텍션 샴푸500ml,PEDISON,active
6b4efaf7-5498-e434-3c44-80abaf3252cd,PDSPT09,페디슨 인스티튜트-보떼 아로니아 컬러 프로텍션 샴푸100ml,PEDISON,active
e94355c9-d9eb-8955-f66d-ce46a249a2ec,PDRST06,페디슨 인스티튜트-보떼 아로니아 컬러 프로텍션 트리트먼트100ml,PEDISON,active
b4783915-5a45-50b4-fc37-1ac1a0b9f34a,PDSP003,페디슨 인스티튜트 보떼 한방 뿌리 케어 샴푸750ml,PEDISON,active
795ad616-0847-4d81-162e-f26051ffe8fd,PDRS001,페디슨 인스티튜트 보떼 한방 뿌리 케어 컨디셔너750ml,PEDISON,active
787b997d-2dd9-9502-dbc3-62f40696787f,PDSP006,페디슨 인스티튜트-보떼 망고리치 단백질 샴푸2000ml,PEDISON,active
baca83d1-9d34-fcbf-39fb-c67362c9231a,PDSPM06,페디슨 인스티튜트-보떼 망고리치 단백질 샴푸500ml,PEDISON,active
34e0b0b2-cc93-856e-9776-58312449a952,PDSPT06,페디슨 인스티튜트-보떼 망고리치 단백질 샴푸100ml,PEDISON,active
265a7a4c-b484-9a7f-005a-37660e84fc60,PDRS004,페디슨 인스티튜트-보떼 망고리치 LPP 트리트먼트2000ml,PEDISON,active
e474e116-2cd6-d2a3-2655-c728bed26d14,PDRSM04,페디슨 인스티튜트-보떼 망고리치 LPP 트리트먼트500ml,PEDISON,active
59728ffc-c616-b7f2-75d3-b0b4eeccfd4b,PDRST04,페디슨 인스티튜트-보떼 망고리치 LPP 트리트먼트100ml,PEDISON,active
a2924d3c-1495-9142-d1aa-01ec0f35a86f,PDSPM05,페디슨 인스티튜트-보떼 프로폴리스 단백질 샴푸500ml,PEDISON,active
b42e4d39-535a-3d17-a348-fd472facc62e,PDSPT05,페디슨 인스티튜트-보떼 프로폴리스 단백질 샴푸100ml,PEDISON,active
93a3bff2-ef98-330d-f886-58e9847720e5,PDRST03,페디슨 인스티튜트-보떼 프로폴리스 LPP 트리트먼트100ml,PEDISON,active
0d5f6861-8903-6de1-f048-f462d0398017,VMSPM07,밸르모나 슈가 벨벳 밀크 샴푸액100ml / 튜브,,active
2b23c7bb-5e70-71ac-90a6-df39f05a7106,VMSPP07,밸르모나 슈가 벨벳 밀크 샴푸액10ml / 파우치,,active
c4ad8d23-8c53-8a77-c462-29771c23020c,VMRSM07,밸르모나 슈가 벨벳 밀크 모발 영양팩100ml / 튜브,,active
7cf36be3-825f-b81a-5633-b61d9bce733b,VMRSP07,밸르모나 슈가 벨벳 밀크 모발 영양팩10ml / 파우치,,active
ece8ebd8-93b4-e707-8a33-a40d7c6bc96f,VMSP005,밸르모나 파워풀 솔루션 블랙피오니 서리태 샴푸액480ml,,active
06e5b9d8-eb91-0fea-1607-a43fd2f9a9ea,VMRSM05,밸르모나 파워풀 솔루션 블랙피오니 서리태 모발 영양팩100ml / 튜브,,active
ceb8fa69-fa72-89dd-beeb-1501f9aaa0fa,VMSP004,밸르모나 아유르베딕 두피 솔루션 블랙커민 샴푸액480ml,,active
0d0494da-c2f3-163c-c2d5-cc23306509d2,VMSPMR4,밸르모나 아유르베딕 두피 솔루션 블랙커민 샴푸액100ml / 튜브,,active
e34b5c83-048d-f900-1729-0edc3b18e2fe,VMRS004,밸르모나 아유르베딕 손상모 솔루션 블랙커민 모발 영양팩480ml,,active
a93b1116-237e-1a49-1170-1d23fc4b1729,VMRSM04,밸르모나 아유르베딕 손상모 솔루션 블랙커민 모발 영양팩100ml / 튜브,,active
8394a125-d4c9-2f39-8f71-2202bb365a86,VMSPM08,밸르모나 요크마요 샴푸액100ml / 튜브,,active
f4514628-c0c3-a0bc-2835-b0d61b1a8e27,VMRS008,밸르모나 요크마요 모발 영양팩480ml,,active
78aae01b-9393-db0d-7702-a4eecb19ecf9,VMRSM08,밸르모나 요크마요 모발 영양팩100ml / 튜브,,active
9d7e8727-1367-94ec-43c9-4c8533adaa91,VMSP009,밸르모나 블루클리닉 샴푸액480ml,,active
38d69235-1806-71a3-1e2a-bf59fdfcd113,VMSPM09,밸르모나 블루클리닉 샴푸액100ml / 튜브,,active
95318cbf-c02b-7daf-3d92-d268dc38713a,VMSPP09,밸르모나 블루클리닉 샴푸액10ml / 파우치,,active
e64e01d9-21f7-a893-acd7-804cd9e61ba7,VMRSM09,밸르모나 블루클리닉 모발 영양팩100ml / 튜브,,active
5f85866e-0a8c-cf61-b9e5-7947b8241b4c,VMRSP09,밸르모나 블루클리닉 모발 영양팩10ml / 파우치,,active
7ff2f5c7-2af0-1bff-9610-44d76292d0e6,VMHS002,밸르모나 얼티밋 헤어 오일 세럼- 애프리콧 컨져브100ml,,active
96981680-df60-cae0-5d56-965c58938d07,KBCR004,"키스바이 로즈마인 프래그런스 크림- 오,프레쉬 포에버140mL",,active
1ee4acb0-9ff1-5698-9424-a1bf852be55d,KBCR005,"키스바이 로즈마인 프래그런스 크림- 오,프레쉬 허브가든140mL",,active
087aff55-7413-744c-a691-718c2e31baf2,KBCR001,키스바이 로즈마인 프래그런스 크림- 글래머 센슈얼리티140mL,,active
6a545eea-c7e6-87fb-73cc-3fd269b0dba3,KBCR003,키스바이 로즈마인 프래그런스 크림- 글래머 프레셔스140mL,,active
9865b377-10ed-a7ee-33ab-5489fc051eec,KBCR002,키스바이 로즈마인 프래그런스 크림- 글래머 판타지140mL,,active
86fba5cf-9a31-7ab1-80ef-8bd792b64c4a,CCCRM01,세라클리닉 더마이드 4.0 인텐시브 크림50ml,CERACLINIC,active
a8d74dd9-519e-7595-bf8e-f3db0b9810cf,CCRW001,세라클리닉 로우 솔루션 히아루론산 1%60ml,CERACLINIC,active
b668b69a-9f8c-b2d1-c391-2e151306e176,CCRW002,세라클리닉 로우 솔루션 콜라겐 1%60ml,CERACLINIC,active
fb0a2ee2-c2ff-7f5d-f601-27904daf62c7,CCRW003,세라클리닉 로우 솔루션 판테놀 수용액 5%60ml,CERACLINIC,active
bf8ac648-c6d2-9bbc-eb9c-d27ae010d373,CCRW004,세라클리닉 로우 솔루션 센텔라 아시아티카 10060ml,CERACLINIC,active
47dbf06b-0856-ef1d-831c-ed40aa6642e2,WMCR004,위드미 판테스틱 더마 시카 크림100ml,,active
c085e254-02c9-1d3c-06d2-e5ce855f8eb6,NPBCT01,나뚜리아 퓨어 바디워시 (크렌베리 앤 오렌지)100ml / 튜브,,active
e3598c91-b459-1880-f3bf-50c8166f262e,NPBCT02,나뚜리아 퓨어 바디워시 (와일드민트 앤 라임)100ml / 튜브,,active
e3154a56-bac4-5646-5eec-3fd1786f4e74,NPBCT04,나뚜리아 퓨어 바디워시 (허니 앤 화이트릴리)100ml / 튜브,,active
4c6078bd-31c1-a3cf-2411-0cbf8244ea0b,FJSM001,프레쥬 오리지날 인진쑥 스팀 마스크50g,,active
fc89e368-8d44-c7ae-dbb7-a4eeedc6f4f8,FJCW001,프레쥬 오리지날 허브 자연약쑥 클렌징워터300ml,,active
d91c2747-3eff-6979-5b3e-be030523efd2,FJSL001,프레쥬 오리지날 허브 자연약쑥 진정 토너500ml,,active
128fbe32-c1e4-0b37-30fd-deadccc0e726,FJCR002,프레쥬 오리지날 자연약쑥 진정 수분크림100ml,,active
5676271a-a7bf-cae9-6638-9fb464469153,FJSL002,프레쥬 프로 모이스처 크리미 토너500ml,,active
e69a1139-ca15-4088-b7ff-0350f73e3e29,FJCR003,프레쥬 프로 모이스처 인텐시브 크림50ml,,active
20a4cd60-5bef-4d41-d203-3cbc21b9b7b4,FJPK001,프레쥬 오리지날 허브 자연약쑥 산소 마스크팩300ml,,active
44dd5697-28d9-70e2-6d46-22965355e1ac,VMSPMR5,밸르모나 파워풀 솔루션 블랙피오니 서리태 샴푸액100ml / 튜브,,active
36c98e8c-9024-f3cb-efcb-c5339a5bd817,JCTP001,잔느칼망 허브 오리지날 투스페이스트80g,,active
13a11002-fb37-22bc-21c5-bd2b0d4586aa,JCTP003,잔느칼망 허브 퓨어 앤 샤인 투스페이스트80g,,active
04f43a9c-97cc-2279-6a56-203b7e8baead,JCTP3T1,잔느칼망 허브 투스페이스트 어쏘티드 컬렉션 (3종세트)오리지날1+피앤카밍1+퓨어앤샤인1,,active
d88026e5-94f4-3540-fe03-adc13aa4691b,PDRSM03,페디슨 인스티튜트-보떼 프로폴리스 LPP 트리트먼트500ml,PEDISON,active
a8649452-2aba-ca45-5eec-9e4c4b0c7ed4,VMRS007,밸르모나 슈가 벨벳 밀크 모발 영양팩480ml,,active
3ec2da28-a418-8605-cb79-abe588cd7278,VMRS005,밸르모나 파워풀 솔루션 블랙피오니 서리태 모발 영양팩480ml,,active
4fb9d853-8c50-5db6-1013-f3d3449019fa,VMSP008,밸르모나 요크마요 샴푸액480ml,,active
9f916115-34b1-4294-bcad-7fa582ac4a0c,VMRS009,밸르모나 블루클리닉 모발 영양팩480ml,,active
1cb8a8c8-57bd-8c43-d905-d3c6049066d9,VMHS004,밸르모나 얼티밋 헤어 오일 세럼- 앰버바닐라100ml,,active
cd64d569-c009-8e30-967c-6a7670a086d9,WMAP002,위드미 판데스틱 더마 비타 에너지 앰플30mL,,active
a0648b50-2cda-0839-f7fe-677d4eb30895,WMPK001,위드미 어썸블랙 포어 클리어 팩30g,,active
b095ff3d-392a-62c0-b4db-2c467ce01627,NPBC001,나뚜리아 퓨어 바디워시 (크렌베리 앤 오렌지)750ml,,active
26c6938c-e2cf-e9ef-e2b3-662f47603379,NPBC002,나뚜리아 퓨어 바디워시 (와일드민트 앤 라임)750ml,,active
0a9ec6e2-56a8-24b0-1d42-1afc8cad76e2,NPBC003,나뚜리아 퓨어 바디워시 (로즈 앤 로즈마리)750ml,,active
58858af9-729d-a4a2-8318-6b11243b7426,NPBC004,나뚜리아 퓨어 바디워시 (허니 앤 화이트릴리)750ml,,active
8d27f1a3-2cc7-ab00-fcf0-e7daeb3fad89,AOHSR00,샤샤 아르간 오일 헤어 세럼200ml,SHASHA,active
68288530-28c0-5b8d-6468-6a55c4118c70,FJBF001,프레쥬 오리지날 인진쑥 버블 페이셜 폼200g,,active
1ff00e0f-c211-6169-0ff1-aa6586f809bd,FJFC002,프레쥬 오리지날 허브 자연약쑥 클렌징폼150ml,,active
3e14ef76-a7d1-e14e-fe2f-e76d8381e37c,JCTP002,잔느칼망 허브 피스 앤 카밍 투스페이스트80g,,active
afe32045-6dd8-4c4e-9492-aab447a39f37,VMSP007,밸르모나 슈가 벨벳 밀크 샴푸액480ml,,active
2ec68096-90ac-5207-bd41-5e95f5467c18,PDSP005,페디슨 인스티튜트-보떼 프로폴리스 단백질 샴푸2000ml,PEDISON,active
ac31cd2b-713f-3d98-87b2-9d78aa97794f,JOSC001,제이온 젠틀 포어 스크럽50g / 튜브,,active
a9ef8b78-2a98-4e5b-66a1-63c9cbf67335,JOSCP01,제이온 젠틀 포어 스크럽5g*20 / 파우치,,active
7251aece-7a83-daed-b55f-5e6031cd1aa5,ILWS001,이즈리프 인티메이트 워시 포맨200ml,,active
d66d7f71-026c-f7c4-f304-19a2773201b1,ILWS002,이즈리프 인티메이트 워시 포맨 프레쉬200ml,,active
e80e4ec1-11f0-76f9-9234-fe3669df884e,ILMT001,이즈리프 인티메이트 미스트 포맨60ml,,active
d15d6366-c5c9-827c-6258-a11b90d30146,ILMT002,이즈리프 인티메이트 미스트 포맨 프레쉬60ml,,active
47ec4c81-2f2f-6aff-e178-c0045d093bea,RMHC001,로즈마인 퍼퓸드 핸드크림 가든 로즈,,active
994801ed-81dd-87aa-e25a-00749deed927,PDFC001,페디슨 아로마틱 카밍 클렌징 폼150ml,PEDISON,active
31060335-67e1-c6eb-0264-31518693ea05,PDIR003,페디슨 메터니티 퓨어 페미닌 클렌저 (플로랄 자무 베이직)300ml (펌프),PEDISON,active
a87a9608-e12d-1762-5760-f2db2c73adc8,PDIR001,페디슨 메터니티 퓨어 페미닌 클렌저 (밸런스 케어 베이직)300ml (펌프),PEDISON,active
8b45d14b-829e-a73b-b40c-e236f2e5285b,PDHS005,페디슨 인스티튜트 보떼 아르간&퍼퓸 헤어세럼- 프레쉬130ml,PEDISON,active
b6ed427a-769a-e200-e836-a948ddce0af6,PDHS002,페디슨 인스티튜트 보떼 아르간&퍼퓸 헤어세럼- 소프트130ml,PEDISON,active
d3d7d01b-4de6-953a-83b5-761ceaee9c8d,PDHS001,페디슨 인스티튜트 보떼 아르간&퍼퓸 헤어세럼- 로맨틱130ml,PEDISON,active
5da1e907-8d48-3132-dd93-2a14336dba61,PDHM001,페디슨 인스티튜트 보떼 아르간&퍼퓸 헤어 미스트- 로맨틱140ml,PEDISON,active
5dd97591-bfb5-17db-fa79-9232336b1e97,PDHM002,페디슨 인스티튜트 보떼 아르간&퍼퓸 헤어 미스트- 소프트140ml,PEDISON,active
8475ddd2-03c4-960a-83c7-45f25948041c,MLDMA12,미미로린스 드레스 퍼퓸 미스트 딥퍼퓸 레이블- 네트와제200ml,,active
c5b89b44-c36c-d153-57ff-acf86f2c7e91,MLDMA20,미미로린스 드레스 퍼퓸 미스트 딥퍼퓸 레이블- 피치플로랄200ml,,active
0797e1f5-f73a-3d0c-b171-df41f9095e91,MLDMA15,미미로린스 드레스 퍼퓸 미스트 딥퍼퓸 레이블- 플로레종200ml,,active
c63decf4-e3be-9b62-89aa-920bd76aeb84,MLDMA21,미미로린스 드레스 퍼퓸 미스트 딥퍼퓸 레이블- 블리스드200ml,,active
fde977f9-06b9-bb76-dd7c-217a703f78c8,WMCR001,위드미 스노우 화이트닝 크림140ml,,active
335380e1-9218-806c-de06-0d17fa76a99c,AOBC000,샤샤 아르간 오일 바디워시1500ml,SHASHA,active
ed39592d-09bb-f376-d04c-602664f5a01e,AOBL000,샤샤 아르간 오일 바디로션1500ml,SHASHA,active
8bb6248c-1c26-0624-8050-cf00f10777c3,MLHW001,미미로린스 모먼트 플랜트 핸드워시- 헤이그린500mL,,active
57cd816d-fc20-e715-73ea-b3a90d6bff19,MLHW002,미미로린스 모먼트 플랜트 핸드워시- 베리비트500mL,,active
0bbb99dc-1d7e-4764-a6f1-1f0c8e43c140,MLHW003,미미로린스 모먼트 플랜트 핸드워시- 해피텐져린500mL,,active
f63ba1d0-bbdf-7eeb-f596-d0833ea91dd5,MLPG001,미미로린스 모먼트 퍼퓸- 시트러스 베르가미아15ml,,active
9f12d9d8-78d0-83e8-1193-4cd3e34ced54,MLPG002,미미로린스 모먼트 퍼퓸- 멜리플루어스15ml,,active
0e4a2395-8f1b-1745-cb0b-974be892d951,MLPG003,미미로린스 모먼트 퍼퓸- 스칼렛15ml,,active
ed114a53-173b-3242-2ed6-a731b53d1658,MLPG004,미미로린스 모먼트 퍼퓸- 프루티쥬시15ml,,active
ec74df66-d2c5-810b-8fdc-3fc4c6aa1f7e,MLPG005,미미로린스 모먼트 퍼퓸- 우드세이지15ml,,active
71d8ff70-2287-7086-3485-6aafc52afcdc,MLDMB02,미미로린스 드레스 미스트 - 머스크엣머스크500ml,,active
3957d29d-373b-5a36-6d9a-687bd3d7b133,MLDMB01,미미로린스 드레스 퍼퓸 미스트 - 프리지아 로맨스500ml,,active
8e8b0d8e-6b81-ffaf-b93f-9eb03bf97b6a,MLDMB08,미미로린스 드레스 퍼퓸 미스트 - 블랙베리500ml,,active
b44a19b0-595d-b0a9-f221-3856e19402a0,MLDMB09,미미로린스 드레스 퍼퓸 미스트 - 스파클링 사케500ml,,active
ac1fdde4-edfc-46c8-084e-f3388888ae85,RPBC004,로즈마인 퍼퓸드 바디워시 - 머스크 앤 머스크,,active
4d62817b-44de-716d-7fa4-e53c35244225,RPBC001,로즈마인 퍼퓸드 바디워시 - 플로랄 어도르,,active
0fe4bcac-3a13-0faa-622e-b4f03423ee30,RPBC017,로즈마인 퍼퓸드 바디워시 - 클래식1000ml,,active
cc81b99d-ab5e-31fe-ddeb-48ef1cb17163,RMBL004,로즈마인 퍼퓸드 바디로션 - 머스크 앤 머스크1000ml,,active
ba91aa56-9792-b311-779d-4e643f3529ad,RMBL015,로즈마인 퍼퓸드 바디로션 - 가든로즈1000ml,,active
070fa098-18c8-97c9-57b8-3204bfd85126,RMBL017,로즈마인 퍼퓸드 바디로션 - 클래식1000ml,,active
b9c16841-96ca-e823-4df0-f8d6a28ade47,RMDM001,로즈마인 홈폴리쉬 드레스 퍼퓸 - 체리베리폼300ml,,active
b4ac637b-de10-db93-f23c-1bcc1ac1526a,RMHC016,로즈마인 퍼퓸드 핸드크림- 머스크앤머스크2,,active
af95ee1b-7cfa-9ba0-fd02-d15e4dbbf792,MLDMA01,미미로린스 드레스 퍼퓸 미스트 딥퍼퓸 레이블- 프리지아로맨스200ml,,active
80d16c2d-d8cb-7aa8-6a2d-dbf09b2914d7,PTBC001,판테스틱 더마 아크네 클렌저500ml,,active
0644076d-a575-d7bf-63d1-cac858572c1f,BDFS001,보르도 민트 쿨링 풋 스프레이150ml,,active
2ae97a52-5855-5ebc-77c6-79318cd9b900,MLDMB27,미미로린스 드레스 퍼퓸 모먼트 블러썸- 런드로맷500ml,,active
ba1d9c20-7dd6-9f9f-c733-dd3bb22d9d3c,MLDMB04,미미로린스 드레스 퍼퓸 미스트 - 주스 드 시트론500 ml,,active
ae0fcc57-b505-8ce9-dd57-ffb47aeee0fa,MLDMB06,미미로린스 드레스 퍼퓸 미스트 - 프렌치 블러썸500ml,,active
7ef30803-c697-7cca-76a0-adf6ea2d3526,MLDMB05,미미로린스 드레스 퍼퓸 미스트 - 프레쉬 라임500ml,,active
90f9771f-8ac1-deee-442d-d00a0c8f11da,MLDMB07,미미로린스 드레스 퍼퓸 미스트 - 아로마틱 시트러스500ml,,active
114c02aa-34e0-646f-3384-ec221c45fc99,MLDMB10,미미로린스 드레스 퍼퓸 미스트 - 화이트 코튼500ml,,active
62120715-4685-053a-d419-9d65ec389755,AORST00,샤샤 아르간 오일 컨디셔너 [100ml / 튜브]100ml / 튜브,SHASHA,active
a16767e1-de4c-d419-a598-8b8e9c5d48f0,AOSPT00,샤샤 아르간 오일 샴푸 [100ml / 튜브]100ml / 튜브,SHASHA,active
365827bc-1f12-f3e7-e192-025c1bbab30e,CCRS001,세라클리닉 더마이드 4.0 보태니컬 트리트먼트 플루이드 [500ml]500ml,CERACLINIC,active
0d467c5a-c335-88be-b7ef-8808c3d2d47f,CCSP001,세라클리닉 더마이드 4.0 보태니컬 샴푸 [1000ml]1000ml,CERACLINIC,active
efdcffe1-84de-49ba-5edd-d54c126d8c20,FJEX001,프레쥬 오리지날 인진쑥 에센스 [115mL]115mL,,active
797a02b0-db1a-978b-58fc-75391bad2d10,NPBCT03,나뚜리아 퓨어 바디워시 (로즈 앤 로즈마리) [100ml / 튜브]100ml / 튜브,,active
9d1246ca-d808-aaed-a5ac-1f23b4c3d1eb,PDBC001,페디슨 데오 드 바디클렌저 [750ml]750ml,PEDISON,active
316912a1-1f20-104a-236d-51ac63d884d1,PDRS003,페디슨 인스티튜트-보떼 프로폴리스 LPP 트리트먼트 [2000ml]2000ml,PEDISON,active
3d6c72bf-a295-9619-0984-2d80ca8f3ea2,PDRS006,페디슨 인스티튜트-보떼 아로니아 컬러 프로텍션 트리트먼트 [2000ml]2000ml,PEDISON,active
0eac3e1d-2342-5016-5bfc-dadbf6862d96,PDRSM06,페디슨 인스티튜트-보떼 아로니아 컬러 프로텍션 트리트먼트 [500ml]500ml,PEDISON,active
00d307df-b649-18db-2322-b966241ad3ec,PDSP009,페디슨 인스티튜트-보떼 아로니아 컬러 프로텍션 샴푸 [2000ml]2000ml,PEDISON,active
b8697087-5395-49be-fa60-fe735531724d,VMHS001,밸르모나 얼티밋 헤어 오일 세럼- 아로마 컴포지션 [100ml]100ml,,active
298431a5-ee93-2a1a-3b0c-d87ade11246e,VMHS003,밸르모나 얼티밋 헤어 오일 세럼- 블랙피오니 [100ml]100ml,,active
9db9a464-15c0-6d81-253e-d928e489c69f,VMHS005,밸르모나 얼티밋 헤어 오일 세럼- 프레쉬베이 [100ml]100ml,,active
a80910d5-c0bc-b4a5-6966-affd37a1a92a,VMPF008,밸르모나 요크마요 프로테인 필드 [200ml]200ml,,active
475b3fd2-c5f4-70d8-e8dc-0328fb192629,VMPF009,밸르모나 블루클리닉 프로테인 필드 [200ml]200ml,,active
9ea4f97c-25c3-f147-4145-eafb8f5641ad,WMAP001,위드미 판데스틱 더마 시카 카밍 앰플 [30mL]30mL,,active
9b6ef1d7-d471-268d-d43d-1f2595fa3acf,WMAP003,위드미 판데스틱 더마 화이트닝 컨트롤 앰플 [30mL]30mL,,active
4b497e91-ee53-a74f-809c-832c6e12ec99,WMTN001,위드미 스노우 화이트닝 포어 토너 [500ml]500ml,,active
79e0a376-9ffd-117a-5f02-15ed28ca2e09,PDIR004,페디슨 메터니티 퓨어 페미닌 클렌저 (오리엔탈 허브)200g (거품),PEDISON,active
d2a6c929-6be7-3163-7f66-3ae49783692c,PDIR007,페디슨 메터니티 퓨어 페미닌 클렌저 (알로에&콜라겐 베이직)300ml (펌프),PEDISON,active
0955304c-c143-3c42-a8fc-2e16a1841c7a,PDIR009,페디슨 메터니티 퓨어 페미닌 클렌저 (허니 프로폴리스 베이직)300ml (펌프),PEDISON,active
1625aed1-36d0-c840-ae4b-66d93260c680,PDIR006,페디슨 메터니티 퓨어 페미닌 클렌저 (알로에&콜라겐)200g (거품),PEDISON,active
878e86cc-2324-f0c9-ced1-559cb2bf140a,AOHA001,샤샤 아르간오일 단백질 헤어 앰플150ml,SHASHA,active
1ec8a742-97b1-ba54-bdf4-83243dc78087,FJPGM02,프레쥬 오리지날 허브 자연약쑥 필링젤(튜브타입) [150ml/튜브]150ml/튜브,,active
e43c8f1d-34a6-e1b0-e18b-7ea7ee129a26,FJPW000,프레쥬 프로 모이스처 엔자임 파우더 워시 [1g*30]1g*30,,active
240af0ce-8126-2bcb-0f8b-faa6148c1e2b,NPBC005,에바스 나뚜리아 크리미 밀크 바디워시- 밀크미 [750ml]750ml,,active
276637e1-1a0c-afd0-472c-69c1f5f5a3f0,NPBC006,에바스 나뚜리아 크리미 밀크 바디워시- 쏘바닐라 [750ml]750ml,,active
982a37b0-0fc5-29db-8c44-9d2148eb01e8,NPBC007,에바스 나뚜리아 크리미 밀크 바디워시- 초코라떼 [750ml]750ml,,active
41e6be27-195d-ca93-77b7-229c4b358c4f,NPBC008,에바스 나뚜리아 크리미 밀크 바디워시- 그린티 [750ml]750ml,,active
ee26b1db-b7b8-8622-ad18-b4c1d8c0a8d7,NPSS001,에바스 나뚜리아 크리미 오일 솔트 스크럽- 밀크미 [250g]250g,,active
1f573089-7c64-c3a3-75c2-36fee0a631ac,NPSS002,에바스 나뚜리아 크리미 오일 솔트 스크럽- 쏘바닐라 [250g]250g,,active
041a9f68-34b1-a855-d605-e73962dd2aec,NPSS003,에바스 나뚜리아 크리미 오일 솔트 스크럽- 초코라떼 [250g]250g,,active
85853960-57bf-0b7e-516e-bd08fccfe5b2,NPSS004,에바스 나뚜리아 크리미 오일 솔트 스크럽- 그린티 [250g]250g,,active
034dc554-7dd3-4a19-7a6d-d65139bfaa4f,PDBCT01,페디슨 데오 드 바디클렌저 [100ml / 튜브]100ml / 튜브,PEDISON,active
cdce120c-e98d-9550-ea44-e772a66363eb,FJMK001,프레쥬 오리지날 허브 자연약쑥 시트 마스크 [23ml / 제조업자:지디케이화장품(주)]23ml / 제조업자:지디케이화장품(주),,active
8847c342-fc4d-9c6d-3633-a33ac2624b59,WMCR002,위드미 핑크펄 화이트닝 크림140ml,,active
9272381f-0590-efc2-a314-415c724f4b1d,JOCO001,제이온 버드 네스트 클렌징오일150ml,,active
dace0aaf-e815-085d-4434-ac935b278373,JOFC001,제이온 버드 네스트 클렌징폼100ml,,active
81637e00-4435-b743-a7e4-7bbf2e6ff943,JOLS001,제이온 립 필 업 세럼10ml,,active
3733615a-3b1b-ab79-2f62-bc06601ad73c,RPBC006,로즈마인 퍼퓸드 바디워시 - 블레싱 블러썸,,active
148d01ea-b8d6-3a4b-3f1f-1c224b27afae,RPBC005,로즈마인 퍼퓸드 바디워시 - 프레쉬 그린티,,active
f7a3bf8b-3fa8-4e8a-e7ef-59bc1d21b861,RMBL001,로즈마인 퍼퓸드 바디로션 - 플로랄 어도르1000ml,,active
0c9d41a8-bbe2-0178-46d5-bacbf24a539a,RMBL021,로즈마인 퍼퓸드 바디로션- 퍼플글로우1000ml,,active
07b9d9e6-b609-5288-44c1-f47c9bafcd4b,PDHS003,페디슨 인스티튜트 보떼 아르간&퍼퓸 헤어세럼- 블루밍130ml,PEDISON,active
521ddd5b-526a-21cb-7ade-dfcf747de046,PDHS004,페디슨 인스티튜트 보떼 아르간&퍼퓸 헤어세럼- 러브130ml,PEDISON,active
48347633-f308-e141-4dcd-d92d3dce6a0b,RMHC007,로즈마인 퍼퓸드 핸드크림 헤스페리데스,,active
aae05e0a-58c4-e31f-6b30-ada6e641b277,MLHC015,미미로린스 모먼트 핸드크림- 멜리플루어스60mL,,active
2bde38e3-1147-ce1d-7327-f6bee4802d84,MLHC017,미미로린스 모먼트 핸드크림- 가드니아60mL,,active
d6e345e4-ebc0-21d7-10ff-a2b1bcfd5c83,MLHC016,미미로린스 모먼트 핸드크림- 스칼렛60mL,,active
b4b4316d-27bc-3eda-ef31-2229a60318f1,MLHC014,미미로린스 모먼트 핸드크림- 뮤즈60mL,,active
63e96873-02d2-ef38-d581-3a7761d95928,JOFC002,제이온 콜라겐 젠틀 폼클렌징100ml,,active
f7a44c88-e1c6-9020-336e-5209f3df7927,JOHC002,제이온 콜라겐 데일리 핸드크림100ml,,active
0a18c2e7-ef4c-eec1-eb4b-e858834a1369,JOHC003,제이온 스네일 데일리 핸드크림100ml,,active
b974f778-685d-8d89-6e95-de295ffb1e87,RMHC008,로즈마인 퍼퓸드 핸드크림 나나즈 릴리,,active
8abfbaba-f9e0-9681-f53f-1e770b10d162,RPBC002,로즈마인 퍼퓸드 바디워시 - 쁘띠 베이비,,active
44a93a9d-df0e-d58a-d051-1b309579aad0,RPBC016,로즈마인 퍼퓸드 바디워시 - 러브센세이션1000ml,,active
5b1f6a71-8fc6-8dbb-a016-b998dd746e6c,RMBL005,로즈마인 퍼퓸드 바디로션 - 프레쉬 그린티1000ml,,active
24002ae2-f191-bbcd-1dfe-ecb610a6dfee,MLDMA08,미미로린스 드레스 퍼퓸 미스트 딥퍼퓸 레이블- 블랙베리200ml,,active
f6b9c77c-622e-3c56-84e1-fb31cc7140d3,PTBL001,판테스틱 더마 시카 AC로션500ml,,active
980d2c26-de5e-b549-90dc-d677d166e439,ILWS003,이즈리프 퓨어 페미닌 버블 클렌져 그린티250ml,,active
67c36c06-a116-2378-59d9-2583cfb16734,ILWS004,이즈리프 퓨어 페미닌 버블 클렌져 비쥬250ml,,active
9282155a-c365-142a-3fb2-b141e0755224,ILMT003,이즈리프 퓨어 이너 퍼퓸 미스트 그린티50ml,,active
2e056943-bdf7-9806-f139-f70235b66b30,ILMT004,이즈리프 퓨어 이너 퍼퓸 미스트 비쥬50ml,,active
96c159a7-a305-bbd9-f339-d7afe7c132e8,JOFC003,제이온 스네일 젠틀 폼클렌징100ml,,active
933daebe-1508-b67d-a6f6-6ca626ef0f54,JOFT003,제이온 스네일 데일리 풋크림100ml,,active
d97b9143-8eed-9ee7-a4f3-67523e88b328,VMSF001,밸르모나 얼쓰테라피 스칼프 퓨리파이어25ml,,active
0fec66a6-5db6-1a95-cb05-974782f790ed,VMBA001,밸르모나 얼쓰리페어 본딩 앰플15ml*6,,active
9144ed13-6360-c758-e903-181240a9f69e,RMBL006,로즈마인 퍼퓸드 바디로션 - 블레싱 블러썸1000ml,,active
0743ac1d-88a4-52b4-d059-712e33ed2f5f,RMBL016,로즈마인 퍼퓸드 바디로션 - 러브센세이션1000ml,,active
47248f6a-59ff-a082-e1a5-090602352a11,VMSS001,밸르모나 얼쓰테라피 스칼프 스켈러15ml*6,,active
96f28c25-58bb-9f4d-9075-1355ef1611af,BTDM001,바스파 아로마 라운지 무드 퍼퓸 드레스 미스트- NO.1 코지우드300ml,,active
ef43f507-c914-5496-b5a3-aaad66dee31c,BDFD001,보르도 민트 쿨링 풋 데오드란트80ml,,active
26f47caa-69c4-a2ba-d007-2f499e06faf5,PDHM003,페디슨 인스티튜트 보떼 아르간&퍼퓸 헤어 미스트- 블루밍140ml,PEDISON,active
bfb3644f-f8d5-8b0c-987e-270b85f23330,BDFC001,보르도 민트 쿨링 풋 케어 크림75g,,active
76639345-354e-c1b8-7af7-b6308f9a2295,BTCR001,바스파 텐션케어 쿨 크림140ml,,active
666d48af-cab0-426b-01ca-46874af6ec82,WMFC000,에바스 위드미 화이트 퍼펙션 포밍 클렌저,,active
0bbd4929-7f8f-e3a8-54a7-4b919f665295,RMHC003,로즈마인 퍼퓸드 핸드크림 쁘띠 베이비,,active
5a5406f8-aa32-4b21-0ec5-113f1ac1d3f2,RPBC007,로즈마인 퍼퓸드 바디워시 - 메이비,,active
59544bc3-3c1f-9d4e-c32f-496b47b614b7,RPBC003,로즈마인 퍼퓸드 바디워시 - 글래밍 비쥬,,active
0c9dec04-3819-aba9-8466-a7587fa3c4df,RPBC015,로즈마인 퍼퓸드 바디워시 - 가든로즈1000ml,,active
04f570cc-f619-8b25-c553-d87341ecb1a8,RMBL003,로즈마인 퍼퓸드 바디로션 - 글래밍 비쥬1000ml,,active
d2415e74-f833-ed05-985f-6d8e58391795,RMBL002,로즈마인 퍼퓸드 바디로션 - 쁘띠 베이비1000ml,,active
d53ea1f7-73f2-ee28-a7f7-08c135fc40ec,BTPF005,바스파 피토 스칼프 퍼퓸- 블루밍7ml,,active
2d430736-eb50-9d9e-f253-f7ad2e7b14b1,BTPF002,바스파 피토 스칼프 퍼퓸- 맨블루7ml,,active
6eab9b64-1b65-d66c-1a1e-a266e38063ad,BTPF001,바스파 피토 스칼프 퍼퓸- 메이로즈7ml,,active
309270de-8bf2-b696-8c45-f4a02d7ffba7,PDIR000,페디슨 메터니티 퓨어 페미닌 클렌저 (밸런스 케어)200g (거품),PEDISON,active
f1741583-1b0a-b2a8-4efa-b69d3dc9e49b,FJMK002,프레쥬 프로 모이스처 시트 마스크23ml / 제조업자:아이큐어(주),,active
8f5c5fcb-1c01-045c-f9a3-91318c929450,ILWSP01,이즈리프 인티메이트 워시 포맨 (파우치)5ml / 파우치,,active
58dddff5-425a-432a-19b4-bb45f6c3671a,ILWSP02,이즈리프 인티메이트 워시 포맨 프레쉬 (파우치)5ml / 파우치,,active
c24e05d1-ca08-9825-fc2e-02deaff44a31,MLPF001,미미로린스 모먼트 오디너리 퍼퓸 NO.01 이노센트20ml,,active
a24958c5-5049-86bc-606e-5072ebb15959,MLPF002,미미로린스 모먼트 오디너리 퍼퓸 NO.02 스윗피20ml,,active
72feaaca-468b-c2b0-2e48-9a91c4848282,MLPF003,미미로린스 모먼트 오디너리 퍼퓸 NO.03 프레쉬코튼20ml,,active
7d1552df-5b7b-6917-b5c4-e98e61310820,MLPF004,미미로린스 모먼트 오디너리 퍼퓸 NO.04 로즈부쉬20ml,,active
bb28aa24-179d-9ac6-f722-39bbf48a4dfd,MLPF005,미미로린스 모먼트 오디너리 퍼퓸 NO.05 멜리플루어스20ml,,active
1fde8afc-b22f-a4c4-d4de-956eadd3c72e,PDIR002,페디슨 메터니티 퓨어 페미닌 클렌저 (플로랄 자무)200g (거품),PEDISON,active
ecc246b6-4556-5468-dcc3-3b2c2fbac594,VMSF3T1,밸르모나 얼쓰테라피 스칼프 퓨리파이어 (3개 세트)25ml*3,,active
c25498ab-4eed-5df4-8fc9-ae4ecccf3402,PVMSS0010,밸르모나 얼쓰테라피 스칼프 스켈러15ml,,active
8cdce7b4-5e05-57c6-a9e5-58741be60228,PVMBA0010,밸르모나 얼쓰리페어 본딩 앰플15ml,,active
50cf3a6f-103c-370d-53d5-4a434e841476,PTPW001,판테스틱 더마 시카 파우더7g,,active
3e8bade6-4201-3a40-c9e4-4686b108e1d7,PTPW002,판테스틱 더마 비타 파우더7g,,active
8aa1c4bf-602b-6de7-5200-1747eb87001a,AOHAM01,샤샤 아르간오일 단백질 헤어 앰플15ml,SHASHA,active
35aa7e1b-b339-7bdd-954e-f24428224e3c,AOHA5T1,샤샤 아르간오일 단백질 헤어 앰플 (세트)15ml*5개,SHASHA,active
ac583372-6165-0c07-6610-9ad1eeb565a3,WMLT021,위드미 시그널 벨벳 립 마스터- 21.버닝 시그널4.5g,,active
9a6d077c-59de-ad06-1dae-ef81087f1aa0,WMLT023,위드미 시그널 벨벳 립 마스터- 23.누보 시그널4.5g,,active
804846dd-75fb-52c0-be19-25b1d1baa09d,WMLT025,위드미 시그널 벨벳 립 마스터- 25.브릭 시그널4.5g,,active
27f0a40f-b165-5b73-4846-2ba1ec167c0b,PDIR008,페디슨 메터니티 퓨어 페미닌 클렌저 (허니 프로폴리스)200g (거품),PEDISON,active
cf49221b-0f0d-7927-c619-3cf5d5c74c1b,PDIR005,페디슨 메터니티 퓨어 페미닌 클렌저 (오리엔탈 허브 베이직)300ml (펌프),PEDISON,active
f731b19d-e0db-5a4c-6182-4f2afab182d5,PTMT001,판테스틱 더마 시카 에이씨 컨트롤 미스트260ml,,active
eaf230cd-d6c3-c52a-d113-94c123f04bc5,RMHC019,로즈마인 퍼퓸드 핸드크림- 라비에,,active
17e447d2-4874-f91b-1a56-35c0d6320532,MLDMB26,미미로린스 드레스 퍼퓸 모먼트 블러썸- 퓨어그린500ml,,active
439802bc-0d8a-2136-fe64-16805797df17,MLBL007,미미로린스 모먼트 바디로션- 뮤즈500ml,,active
7908fb6d-c4ba-c957-3347-1ceb235944f1,MLBL009,미미로린스 모먼트 바디로션- 가드니아500ml,,active
d542095e-f9f1-bd52-f042-801ad100dee1,MLBL008,미미로린스 모먼트 바디로션- 멜리플루어스500ml,,active
61a2c91e-1dfb-9b1a-bc0e-1bd6b0c8ec49,PTBC002,판테스틱 더마 시카 아크네 클렌저500ml,,active
1a875599-8758-bfb3-3228-a9620ddbec1d,PDIC000,페디슨 뉴트리티브 인퓨젼 크림120ml,PEDISON,active
08cbeea1-0fb3-0698-8355-d553d02e6d01,VMRSP05,밸르모나 파워풀 솔루션 블랙피오니 서리태 모발 영양팩10ml / 파우치,,active
34ccd441-fb4c-c506-0221-1a76eb15c659,VMRSP04,밸르모나 아유르베딕 손상모 솔루션 블랙커민 모발 영양팩10ml / 파우치,,active
fcff0415-765e-e7ac-825c-e037372d9a2f,VMSPP08,밸르모나 요크마요 샴푸액10ml / 파우치,,active
9220d4da-164d-44f4-a6a5-eb8cb809229a,VMRSP08,밸르모나 요크마요 모발 영양팩10ml / 파우치,,active
87c3ad95-08ca-1fed-50c2-8bb01e07b9d3,FJCRM03,프레쥬 프로 모이스처 인텐시브 크림10ml / 튜브,,active
2d4efbf7-85ab-281b-dca0-5079982e7acc,RRBM001,로에랑스 터치 마이바디 퍼퓸미스트- 화이트머스크250ml,LOERANCE,active
86a80a00-8adc-eb0b-9f41-a18af683cf3b,RRBM011,로에랑스 터치 마이바디 퍼퓸미스트- 엔디어링250ml,LOERANCE,active
2d127e4c-ff23-c162-944e-09b4c3fa425b,RRBM010,로에랑스 터치 마이바디 퍼퓸미스트- 블루밍250ml,LOERANCE,active
a835187a-56d3-c7a0-442f-ffb9fb16553a,CCCR001,세라클리닉 더마이드 4.0 인텐시브 크림 [120ml]120ml,CERACLINIC,active
28254d15-c3f7-2a2b-41ba-75be21823060,VMCP001,밸르모나 얼쓰리페어 본딩 컴파운드 [40ml]40ml,,active
09b2ff43-aa02-f13d-2c72-5aa8db86a041,PTFC001,판테스틱 더마 시카 아크네 클렌징폼 [140ml]140ml,,active
bc10ae95-e60a-ae6b-9576-77868ca34ee5,PTEF001,판테스틱 원더필 하이드라 뮤신 이펙터 [35ml]35ml,,active
5a4d90f5-deb0-9abc-4c92-687bf346d5bf,PTEF002,판테스틱 원더필 써마필 이펙터 [35ml]35ml,,active
f170d8af-760c-44b0-f4e2-a9afe75cb5dd,PTEF003,판테스틱 원더필 클리어링 이펙터 [35ml]35ml,,active
c6243745-ba43-ff81-b72c-bd4a368a43e1,BBHC011,바바리라 퍼퓸드 핸드크림- 가든로즈60ml / 그림타입튜브,,active
7a1de391-1d9c-b5a6-bf3d-807a99ac2ab9,BBHC012,바바리라 퍼퓸드 핸드크림- 패션프룻60ml / 그림타입튜브,,active
a705b99d-3fa9-7622-190b-f7550f092c4d,BBHC013,바바리라 퍼퓸드 핸드크림- 쁘띠걸60ml / 그림타입튜브,,active
a4defe1f-8d50-f8f9-40e2-14c9c6da9637,RPBC008,로즈마인 퍼퓸드 바디워시 - 모링가,,active
61bbcb01-aa74-7d9f-26b2-2ce8c39b8b4b,MLDMB28,미미로린스 드레스 퍼퓸 모먼트 블러썸- 어도러블500ml,,active
5bf5997f-d269-9ec5-77e6-305ec22f6adf,AORSM00,샤샤 아르간 오일 컨디셔너500ml,SHASHA,active
3e92cf72-0682-e3c0-5698-2271c1bb62cd,AOSPM00,샤샤 아르간 오일 샴푸500ml,SHASHA,active
6d4a76b8-58da-2423-8c95-5e1b1287f103,BDFM001,보르도 드래곤 풋 필링 마스크,,active
625c6847-afcd-d6fc-da8d-0860de35ec58,VMOL001,밸르모나 얼쓰리페어 본딩 오일30ml,,active
9d61ca74-977c-4507-7bcd-ebd0f1801701,VMSP010,밸르모나 얼쓰 안티 헤어로스 샴푸500ml,,active
30a81c84-131b-b366-40ac-bcc45770e5aa,VMRS010,밸르모나 얼쓰 안티 헤어로스 트리트먼트120ml,,active
4349b583-c9e1-f53a-31a8-50b2878d99cb,JOPK001,제이온 아티초크 슬리핑팩50ml / 튜브,,active
3e74bc40-c538-2188-54b9-92f6b671d5b8,JOPK002,제이온 허니 워시오프 마스크팩50ml / 튜브,,active
2a3d12c3-6731-f5f2-be54-d3780a5ad430,JOPKP01,제이온 아티초크 슬리핑팩5ml*20 / 파우치,,active
c065197a-af1d-3d81-061d-7399d30fcd11,JOPKP02,제이온 허니 워시오프 마스크팩5ml*20 / 파우치,,active
2f372dfe-66ec-9ecb-78fe-0df53b0ae970,JOPK003,제이온 비타 글로우 슬리핑팩50ml / 튜브,,active
11a52518-ea1d-aeff-4d80-e9fbcd787047,CCHW2T1,세라클리닉 보태니컬 핸드케어 & 마스크 세트핸드워시 300ml*2 + 마스크10매,CERACLINIC,active
c994cc4b-3384-fd4f-06c0-48330601b1a7,BTST2T1,바스파 아로마 라운지 베르가못 바디세트 (2종)set,,active
467c2282-88f7-209f-99f3-b52845fbcf1b,RMXX3T1,로즈마인 릴렉싱 아로마 바디 3종 세트 - 매그놀리아바디워시300/바디로션300/핸드크림60,,active
159fd956-6844-5c67-63a3-54befae93d19,RMXX4T1,로즈마인 스팀 소프트 바디 기프트 세트 (4종)시즌1,,active
08290031-a9f7-9b1a-c506-da48329a14ae,KBHC001,키스바이 로즈마인 프래그런스 핸드크림- 엔젤스 퓨어60ml,,active
9f7516a9-491a-0cfc-28c9-b97d2a62c0a3,KBHC002,키스바이 로즈마인 프래그런스 핸드크림- 엔젤스 패션60ml,,active
16f6f55a-88f6-c378-8a4d-b0266ba4eeab,KBHC003,키스바이 로즈마인 프래그런스 핸드크림- 엔젤스 하트60ml,,active
0c6d21fd-9f95-f712-31b7-c3af0a175ea4,KBHC004,키스바이 로즈마인 프래그런스 핸드크림- 엔젤스 로즈60ml,,active
fd54b186-e8e5-7a35-b29b-b3805e51913d,KBHC005,키스바이 로즈마인 프래그런스 핸드크림- 엔젤스 러브60ml,,active
f418b942-4775-0310-7e57-f27ab8950897,JOSS001,제이온 핫 카이엔 솔트 바디스크럽250g,,active
c91dada8-e63c-21b7-e336-215bf6f3f69e,JOSS002,제이온 쿨 민트 솔트 바디스크럽250g,,active
b999cde4-7577-6e2e-8368-7727e6cc983c,JOPKP03,제이온 비타 글로우 슬리핑팩5ml*20 / 파우치,,active
26a246d8-3212-1a36-5483-4818d7a71c86,RMHC002,로즈마인 퍼퓸드 핸드크림 패션 프룻,,active
9b7d4ad7-0436-6b19-5873-07c9b0dde19d,RMHC015,로즈마인 퍼퓸드 핸드크림- 모링가,,active
42ccf54c-e6a3-e53d-6fc2-d48967fc4a54,RMHC017,로즈마인 퍼퓸드 핸드크림- 클래식,,active
f13b9168-db74-f0f2-c772-b9af8db088bd,RMHC018,"로즈마인 퍼퓸드 핸드크림- 오, 프레쉬",,active
61b18028-6617-828f-3ce5-850d81ec1923,JOCB001,제이온 메이크업 이레이져 엑스트라 딥클렌징밤100ml / 튜브,,active
3412a674-6588-878d-6a70-2a7218a8cdff,JOFC004,제이온 차콜 젠틀 폼클렌징100ml,,active
e6177bfe-af99-d8fd-4b36-c48c9f9be0d8,JOPK005,제이온 엘에이치에이 필링젤50ml / 튜브,,active
cf9d2317-70cd-ea2d-35bb-3b6fe7c2f8f2,JOPK004,제이온 콜라겐 슬리핑팩50ml / 튜브,,active
854fdac8-f292-c2e5-7d54-32b1e813ff4a,JOPKP05,제이온 엘에이치에이 필링젤5ml*20 / 파우치,,active
e148f2f0-4681-9b25-67bc-dd97fd051eaa,JOPKP04,제이온 콜라겐 슬리핑팩5ml*20 / 파우치,,active
6b16b2be-25e9-3980-45a8-74cac815ea6f,JOSS003,제이온 트로피칼 망고 스무딩 슈가 바디스크럽250g,,active
78d1128c-cb03-c2d8-5498-700692e40b59,WMLT006,위드미 시그널 벨벳 립 마스터- 06.트렌디 시그널4.5g,,active
e148341b-de2e-3698-8af3-2744d0160cae,WMLT005,위드미 시그널 벨벳 립 마스터- 05.러브 시그널4.5g,,active
d703624a-6cdb-59b0-b5ac-b331ff73d032,VMSPP06,밸르모나 진생 헤리티지 고삼 샴푸액파우치 / 6g,,active
64b4e6cf-4e4e-9d57-f62f-dba832ffa94a,VMST001,밸르모나 얼쓰 안티 헤어로스 스칼프 토닉40ml,,active
ad6435f5-4712-9e50-a1ee-33b5d5e139aa,VMSP011,밸르모나 얼쓰 리페어 본딩 샴푸500ml,,active
f2dd9625-7f74-874f-3f6e-e026c1e419b6,VMRS011,밸르모나 얼쓰 리페어 본딩 트리트먼트500ml,,active
7d3bbc0b-8c7c-f2bf-1a04-8f1e42c8e847,NPBC009,에바스 나뚜리아 크리미 밀크 바디워시- 휘그펄프750ml,,active
16ce9b74-cf53-1b15-94b4-2566162cf101,NPSS005,에바스 나뚜리아 크리미 오일 솔트 스크럽- 휘그펄프250g,,active
e85df655-f963-e41e-2845-116f8e94265b,AOHE001,샤샤 아르간오일 웨이브 볼륨 에센스250ml,SHASHA,active
2f07ba81-4b91-fa8c-fed6-0bb72e0c3941,AOWS000,샤샤 아르간오일 슈퍼하드 워터 스프레이250ml,SHASHA,active
891f556e-1129-2c1d-5988-83513c694cac,FJCB001,프레쥬 유주허니 올 클렌징밤50ml,,active
e1f0d99c-d2cc-9da0-e371-7705387869e3,FJCR004,프레쥬 유주 허니 인리치드 크림50ml,,active
cd788643-2785-2319-5ba1-427fa33e6df1,FJSL003,프레쥬 유주 허니 에센셜 토너250ml,,active
01385f3f-cabd-c3a1-cd32-5e7162eb4a12,FJMK5T2,(5개입)프레쥬 프로 모이스처 시트 마스크(23ml)5개입+단상자,,active
706774aa-f194-8f7c-02f8-c6bc17881944,KBHC007,키스바이 로즈마인 프래그런스 핸드크림- 글래머 판타지30ml,,active
a75cfb34-02b2-742b-2804-2bbd05708b6f,KBHC010,"키스바이 로즈마인 프래그런스 핸드크림- 오,프레쉬 허브가든30ml",,active
9e9abf51-9a38-4406-dc20-22fbebc4efc7,KBHC009,"키스바이 로즈마인 프래그런스 핸드크림- 오,프레쉬 포에버30ml",,active
a8349aa2-afb6-66e1-04f4-a4a70af1f7c3,KBHC008,키스바이 로즈마인 프래그런스 핸드크림- 글래머 프레셔스30ml,,active
89619a84-79dd-dc2d-3bea-925b9a151fed,KBHC006,키스바이 로즈마인 프래그런스 핸드크림- 글래머 센슈얼리티30ml,,active
55db76be-2615-5930-55a6-ba860970cd07,PDDO001,페디슨 두 질세정기50ml,PEDISON,active
c24fbdcf-ecac-f110-b548-fc893445a115,JOPK006,제이온 펌킨 슬리핑팩50ml / 튜브,,active
357e826d-4ac0-49f5-5ef3-f0b6e13372f4,JOPKP06,제이온 펌킨 슬리핑팩5ml*20 / 파우치,,active
65e81e42-fb84-882d-7e41-5196448f9e7e,FJMK5T1,(5개입)프레쥬 오리지날 허브 자연약쑥 시트 마스크23ml 5개입 / 제조업자:지디케이화장품(주),,active
8f529e58-ceee-c3ac-dbac-256a157a4694,BTBS001,바스파 오스트레일리안 바쓰 솔트- 소프트 로지1200g,,active
5eda3d86-ecb0-fb5c-05e6-1e70d508d658,BTBS002,바스파 오스트레일리안 바쓰 솔트- 프레쉬 유자1200g,,active
70555c83-1f7d-f53a-b381-ab92d1b36366,BTBS004,바스파 오스트레일리안 바쓰 솔트- 컴포트 라벤더1200g,,active
7c4691e2-6558-e890-17f7-db05e4c9f28d,BTBS005,바스파 오스트레일리안 바쓰 솔트- 그린 버드1200g,,active
01bff59e-b680-0078-5aeb-9612f7d9ac67,VMSPP04,밸르모나 아유르베딕 두피 솔루션 블랙커민 샴푸액 [10ml / 파우치]10ml / 파우치,,active
5b0c198a-7a43-ec46-52ee-9a072d388aff,WMTN002,위드미 판테스틱 더마 시카 퓨리파잉 토너 [500ml]500ml,,active
bb5dcedf-2c09-f7fa-d3e5-eccbab9883fa,BDFS002,보르도 드래곤 풋 필링 스프레이 [150ml]150ml,,active
3517ccdb-e076-411c-5555-091d8a18f8f5,JOLS002,제이온 슈가 립 스크럽12g,,active
01edebf7-6257-250d-d536-a3cca0028fcb,PTBCP01,판테스틱 더마 아크네 클렌저파우치/ 5g,,active
ed646ac4-fbd0-6733-926b-072f68132d94,PTBLP01,판테스틱 더마 시카 AC로션파우치/ 5g,,active
b1e98a7b-3816-0517-b772-06c4c86ebb1b,MLPP002,미미로린스 모먼트 시크릿 푸 퍼퓸- 시트러스 베르가못50ml,,active
0cfbe6b6-1a71-16db-0ba0-bef5565a4033,KBCR006,키스바이 로즈마인 프래그런스 크림- 글래머 대즐링140mL,,active
f7a33876-407d-1c94-86e0-399d13dcfa6b,KBCR007,키스바이 로즈마인 프래그런스 크림- 글래머 멜로우140mL,,active
f7253814-b50d-0525-a490-845242f01bf0,KBOW001,키스바이 로즈마인 프래그런스 오일워시- 글래머 센슈얼리티300mL,,active
3853d8db-5cda-5f94-729d-f1501d8c53cb,KBOW002,키스바이 로즈마인 프래그런스 오일워시- 글래머 판타지300mL,,active
873a438f-b01a-b8db-ea3f-737a0e895cb2,KBOW003,키스바이 로즈마인 프래그런스 오일워시- 글래머 프레셔스300mL,,active
05d4f6e5-5a0b-f3c9-d5a8-e4c3a1d5d349,KBOW004,"키스바이 로즈마인 프래그런스 오일워시- 오,프레쉬 포에버300mL",,active
d0250ffd-67e3-660c-2fe9-6e765e8303b1,KBOW005,"키스바이 로즈마인 프래그런스 오일워시- 오,프레쉬 허브가든300mL",,active
c8d7b323-a620-3155-4642-08ce3f84b998,PDBC003,페디슨 인스티튜트-보떼 망고리치 밸런싱 바디워시2000ml,PEDISON,active
d778717c-efa1-a48f-5032-f931ab581380,VMSP006,밸르모나 진생 헤리티지 고삼 샴푸액300ml,,active
ceeb6b37-3db9-80ae-9a42-c53fcbd12efc,MLHC006,미미로린스 모먼트 플랜트 핸드크림- 헤이그린500mL,,active
47027e6b-0db1-106b-c4a3-44037220ab6b,MLHC007,미미로린스 모먼트 플랜트 핸드크림- 베리비트500mL,,active
ed5a0699-6fb2-b562-14e5-da14014925aa,MLHC008,미미로린스 모먼트 플랜트 핸드크림- 해피텐져린500mL,,active
bb8165bd-cf01-d467-3620-8518c8134453,MLDMB30,미미로린스 드레스 퍼퓸 모먼트 레스트- 가든파티500ml,,active
5263a346-9e24-b6d2-5a35-29226ec30e10,MLDM026,미미로린스 드레스 퍼퓸 모먼트 블러썸- 퓨어그린300ml,,active
29e1ae34-29c8-58a9-befc-df3a3f67cdae,MLDM028,미미로린스 드레스 퍼퓸 모먼트 블러썸- 어도러블300ml,,active
ef92b2a1-2244-cd24-3a95-4c75bc8a527a,MLDM027,미미로린스 드레스 퍼퓸 모먼트 블러썸- 런드로맷300ml,,active
35a771bb-fbdd-f6ec-ce8e-c1a6749be968,MLDMB29,미미로린스 드레스 퍼퓸 모먼트 레스트- 로즈부쉬500ml,,active
8d0f84cb-f5b2-99f0-d5a5-849da7faaa8d,MLDMB31,미미로린스 드레스 퍼퓸 모먼트 레스트- 레몬트리500ml,,active
e0eb1c4b-8b09-d275-8a32-175722c69a3b,MLBM002,미미로린스 모먼트 코스트 바디미스트- 오션딥100ml,,active
d8b68b95-42da-4ae5-5f28-d57d40fa7192,MLBM004,미미로린스 모먼트 코스트 바디미스트- 블루웨이브100ml,,active
99607711-8aba-743c-5ad8-a3b301181f04,MLBM003,미미로린스 모먼트 코스트 바디미스트- 마린브리즈100ml,,active
f4d2553d-ca8f-892a-ed0e-e12cb8353427,AOSP001,샤샤 아르간오일 어성초 안티헤어로스 샴푸1500ml,SHASHA,active
4e491e91-4f0f-3697-8078-d6e950cc7eb3,PDIR010,페디슨 두 프레쉬 소다 페미닌 클렌져 (베이직)300ml (펌프),PEDISON,active
1d44cda2-28d9-e0b2-2ed0-98910a375ff1,MLPP001,미미로린스 모먼트 시크릿 푸 퍼퓸- 라즈베리 만다린50ml,,active
12f40f8f-f157-da4b-6550-7b5c938f0fdf,PDBC002,페디슨 데오 드 바디클렌저 패션프루츠750ml,PEDISON,active
4f152dd3-40ab-cc89-3184-ad2c7099081d,BDFS003,보르도 드래곤 풋 샴푸300ml,,active
cba054d5-5831-535c-6c3a-3df2b1c68330,FJPWK00,프레쥬 프로 모이스처 엔자임 파우더 워시1g*30 / 내수용,,active
d3ae84cd-73c9-3185-4d73-fd828e90d5d7,FJSL004,프레쥬 어성초 블레미쉬 토너500ml,,active
326f0b6e-8976-9229-cdfd-335d0761d960,BBHC014,바바리라 퍼퓸드 핸드크림- 가든로즈60ml / 실선그림디자인(4차)튜브,,active
7b0bad38-b896-d318-d9b2-cc393484ac21,BBHC015,바바리라 퍼퓸드 핸드크림- 패션프룻60ml / 실선그림디자인(4차)튜브,,active
660d4055-d8e7-abe8-26d7-55229d1c97dd,BBHC016,바바리라 퍼퓸드 핸드크림- 쁘띠걸60ml / 실선그림디자인(4차)튜브,,active
03becd75-4160-6097-2845-014afa7f69ed,BTPP001,바스파 아로마 라운지 바디필링패드- 블랙베리20 g,,active
50871ebd-4f17-22cb-7390-f6f02743d5f6,CCRWB01,세라클리닉 로우 솔루션 히아루론산 1% [250ml]250ml,CERACLINIC,active
35d62bda-95d8-db71-4e85-08896fd69620,AOSP002,샤샤 아르간오일 진저 쿨링 케어 샴푸1000 ml,SHASHA,active
8bbb13cf-caa6-8bd0-41ad-3815c5f61e55,WMHM001,위드미 쏘머치 헤어 메이킹 미스트 01 자연흑색120g,,active
bace3e4b-5848-2f86-397e-0a63f28ae0fb,WMHM002,위드미 쏘머치 헤어 메이킹 미스트 02 자연갈색120g,,active
26e97eef-b68e-eb14-cddf-8fa4e25a2ec0,RMBL014,로즈마인 퍼퓸드 바디로션 - 모링가1000ml,,active
00b76608-9887-ab81-2e6f-9d397cf84937,BTBS003,바스파 오스트레일리안 바쓰 솔트- 쏠티 씨1200g,,active
6a6296e4-c85d-ea1b-ff58-5f0cd9b485a1,MLDM032,미미로린스 드레스 퍼퓸 미스트 딥 퍼퓸- 네트와제300 ml,,active
433e6167-83cb-5f87-5905-3d7f72c0a1ba,MLDM036,미미로린스 드레스 퍼퓸 미스트 딥 퍼퓸- 피브완로즈300 ml,,active
021b1206-3ad9-8f90-7601-1b251b185ecd,MLDM033,미미로린스 드레스 퍼퓸 미스트 딥 퍼퓸- 테르300 ml,,active
1bcf5500-2a32-c894-ed36-bc18a1f0151d,MLDM034,미미로린스 드레스 퍼퓸 미스트 딥 퍼퓸- 플로르300 ml,,active
1788a884-3f0c-f05e-bb64-7d2e7340d6db,MLDM035,미미로린스 드레스 퍼퓸 미스트 딥 퍼퓸- 오브300 ml,,active
289b77d2-731e-f98b-2930-94cc264e6883,RMSCN10,로즈마인５　샤워코롱(2011)185ml,,active
56ee90d1-00fa-32aa-6215-52b2bf757125,CCSP002,세라클리닉 더마이드4.0 안티헤어로스 샴푸 그린클렌즈1000ml,CERACLINIC,active
bd7608d9-f337-712f-6fcb-e013082d4ac7,CCAT001,세라클리닉 더마이드 4.0 앰플 트리트먼트 (노린스) 프로테인 퀀치200 ml,CERACLINIC,active
eac12f5a-82c5-c214-433e-0b2e0d6aafd1,SKA-1218,(단상자)프레쥬 오리지날 자연약쑥 진정 수분크림 (100ML)100ml,,active
697266fc-b48c-d8e6-5f7c-b4ebda2ad5c3,SKA-1100,(단상자)프레쥬 오리지날 허브 자연약쑥 진정 토너,,active
c62119b6-7620-7a03-97d0-c1f8f090a4fa,CCSP003,세라클리닉 더마이드 4.0 노옐로우 샴푸 프로테인 퀀치500ml,CERACLINIC,active
8338be82-68ba-f780-0baa-e535dd7ceab6,FJEX002,프레쥬 어성초 인텐시브 카밍 에센스120mL,,active
6e484943-f438-0c58-4328-7ac78e35113b,KBHC3T1,"키스바이 로즈마인 프래그런스 핸드크림 트리오 (3종세트)30ml*3 (글래머센슈얼리티+글레머프레셔스+오,프레쉬허브가든)",,active
66b03232-1173-e459-4f8b-713650d15b34,JODM001,"제이온 드링크미 콜라겐 100,000 ppm50ml*10병",,active
2b459019-7227-8e19-d5b7-21d21825535b,MLHW004,미미로린스 모먼트 플랜트 핸드워시- 퓨어피치500mL,,active
0cba9db9-3f22-5a2d-76bf-23b5355370ae,MLHC009,미미로린스 모먼트 플랜트 핸드크림- 퓨어피치500mL,,active
b49c9ce7-bddc-2c73-def2-5db5f65d8786,AORS001,샤샤 아르간오일 어성초 엘피피 프로테인 헤어팩1500 ml,SHASHA,active
fe04de92-0c50-c29c-bcab-df7f2bdab8ac,FJCR005,프레쥬 어성초 블레미쉬 수분크림100ml,,active
30a51239-0e5a-17fd-9eb2-acd2dea2feeb,BDMK002,보르도 쿨링 레그 마스크20g*2ea,,active
5ce9bdc1-b414-abf6-8d93-d45cc347b215,CCRS002,세라클리닉 더마이드4.0 안티헤어로스 헤어팩 그린클렌즈1000ml,CERACLINIC,active
ace82d26-3c0e-e13d-e8ba-fba7689cbff3,FJCRM02,프레쥬 오리지날 자연약쑥 진정 수분크림 10ML10ml / 튜브,,active
3e0bc07d-4e91-bcf1-e49d-4e14d651a822,SOC-4458,(튜브)제이온 립 필 업 세럼 10ml10ml,,active
6352baab-63c5-f0b5-6a57-98140dd8b289,FJFC003,프레쥬 어성초 블레미쉬 약산성 클렌징폼250 ml,,active
a9ce9b1d-ec04-2dbf-54d7-72486a775ab4,FJEX003,프레쥬 오리지날 자연약쑥 파하 필링 에센스120mL,,active
e2c71db7-543d-188a-42d6-a3478fd8797d,FJCO001,프레쥬 오리지날 허브 자연약쑥 클렌징 오일210 ml,,active
38a4783d-32bb-c8b0-3bac-c9f0ff17c3ba,FJFC004,프레쥬 유주허니 올 클리어 클렌징폼250 ml,,active
194c8598-79fb-feba-4539-ca5e35da621f,SOB-1177,(용기+인쇄)프레쥬 오리지날 자연약쑥 진정 수분크림 (100ML)100ml,,active
a9d34572-5d87-f28c-5c81-f10f13716ad7,SCB-0182,(캡+리드)프레쥬 오리지날 자연약쑥 진정 수분크림 (100ML)100ml,,active
14ba2c1d-c82e-b880-da13-078d90b08314,BTSB002,바스파 오스트레일리안 솔트 버블- 프레쉬 유자500 g,,active
6b8403b8-1ec8-f9b7-0c85-95948b56e889,BTSB005,바스파 오스트레일리안 솔트 버블- 밀크 바나나500 g,,active
eddc0f49-0f24-906f-395c-6b626e3f7a64,BTSB003,바스파 오스트레일리안 솔트 버블- 피치 캄500 g,,active
7b57ca7d-c461-ae8a-3279-e0a6d3501ae8,BTSB001,바스파 오스트레일리안 솔트 버블- 소프트 로지500 g,,active
1d68708e-fb48-fdfc-9071-0743a21d6b14,BTSB004,바스파 오스트레일리안 솔트 버블- 컴포트 라벤더500 g,,active
8a9cdc41-6048-c927-52a6-a60018088e62,FJLM001,프레쥬 자연약쑥 립 슬리핑 마스크12 g,,active
27ef80ed-0727-8948-fca7-1f0f6ce865c4,FJLM002,프레쥬 유주허니 립 슬리핑 마스크12 g,,active
d6210ee7-2896-9aeb-3bae-4ef44ddad56f,BTBC005,바스파 바쓰 솔트 스크럽 바디워시- 컴포트 라벤더1000 ml,,active
3407fb99-9532-a4c7-827d-9e9a636b138b,BTBC004,바스파 바쓰 솔트 스크럽 바디워시- 소프트 로지1000 ml,,active
238539a8-f5bc-d758-6cd5-07f94b286489,FJCR006,프레쥬 레틴 콜라겐 3D 코어 크림50 ml,,active
eec008ef-f24c-d61b-d82c-f6580df79fd2,FJEC006,프레쥬 레틴 콜라겐 3D 코어 아이크림15 ml,,active
d66dd5b6-6498-eab9-cf39-02014156e784,FJSL006,프레쥬 레틴 콜라겐 3D 코어 토너250 ml,,active
355b357e-3f2f-e928-f6c8-5c6e78dc1259,CCBL001,세라클리닉 더마이드 4.0 세라마이드 바디로션500 ml,CERACLINIC,active
f8f49bc9-6636-10d6-dd23-2159b5a64a2c,VVCR001,빈시뷰 글래머 센슈얼리티 프래그런스 크림140 ml,,active
2c1a31bb-5c7e-3204-6bf7-a2c9ee0a2b4f,VVCR002,빈시뷰 글래머 판타지 프래그런스 크림140 ml,,active
d67bf6ae-cb66-62a3-13fd-4ab2eca22e44,VVCR003,빈시뷰 글래머 프레셔스 프래그런스 크림140 ml,,active
4d01ce23-db95-6c9b-3d80-2b9927591c25,VVHC001,빈시뷰 글래머 센슈얼리티 프래그런스 핸드크림60 ml,,active
58632c4b-f6c8-a44e-860a-de68890aa051,VVHC002,빈시뷰 글래머 판타지 프래그런스 핸드크림60 ml,,active
2f15eb64-da89-1ccc-4ead-681bc9524b5e,VVHC003,빈시뷰 글래머 프레셔스 프래그런스 핸드크림60 ml,,active
f1cfa00d-4e35-5754-a7d0-8af71174bb67,RRHW002,로에랑스 블루밍 버블 핸드워시- 문라이트300 ml,LOERANCE,active
2ad85d3f-a6b3-e098-76ee-86d852dd2ab6,RRHW001,로에랑스 블루밍 버블 핸드워시- 화이트머스크300 ml,LOERANCE,active
5b48d99d-839e-05e0-ea64-a59b43acfc81,RRHW003,로에랑스 블루밍 버블 핸드워시- 퓨어솝300 ml,LOERANCE,active
6f88ec01-342a-5b72-00de-f7796202f2b7,RMBL007,로즈마인 퍼퓸드 바디로션 - 메이비1000ml,,active
b51aa589-d011-bc73-1e35-68d41e70e80b,VMSP012,밸르모나 얼쓰 블랙 샴푸480g,,active
bb335114-b4b0-45c3-0b88-d960d20926b1,BTBC006,바스파 바쓰 솔트 스크럽 바디워시- 쏠티 씨1000 ml,,active
77cfd1f4-0e6e-3211-a754-34d367bf34cc,BBHC017,바바리라 퍼퓸드 핸드크림- 가든로즈60ml / 둥근캡(5차디자인) 튜브,,active
b4e7702f-b8a8-24be-f24a-266fc0b3fb76,BBHC018,바바리라 퍼퓸드 핸드크림- 패션프룻60ml / 둥근캡(5차디자인) 튜브,,active
c262ae95-6069-d756-670d-c6bcf601d31e,BBHC019,바바리라 퍼퓸드 핸드크림- 쁘띠걸60ml / 둥근캡(5차디자인) 튜브,,active
817c4e53-206d-6de2-de92-4e253c435a1b,BBHC020,바바리라 퍼퓸드 핸드크림- 로즈페탈60ml / 둥근캡(2차디자인) 튜브,,active
515b6c8d-f60e-fb24-ccb3-fe7cea0e178b,BBHC021,바바리라 퍼퓸드 핸드크림- 헤븐플로랄60ml / 둥근캡(2차디자인) 튜브,,active
5789ac55-0032-d51c-ac04-74ae30a6a70e,BBHC022,바바리라 퍼퓸드 핸드크림- 드림라이크60ml / 둥근캡(2차디자인) 튜브,,active
18661b65-b9dc-6d3b-c7ed-c85eb0070ce7,FJCRM06,프레쥬 레틴 콜라겐 3D 코어 크림10 ml / 튜브,,active
c41e945a-7e31-6ad4-442c-ef4e56a30e54,KBHC5T1,키스바이 로즈마인 프래그런스 핸드크림 5종 세트60mL*5,,active
9073cce1-d6ef-8187-b6e0-ed735e8b12bf,MLDFT28,미미로린스 딥 퍼퓸 디퓨져- 피브완로즈 (선물세트)200 ml,,active
0a449c5a-7d25-36de-03a7-bca1a11c8033,MLDFT29,미미로린스 딥 퍼퓸 디퓨져- 네트와제 (선물세트)200 ml,,active
f04ea3d3-345e-dd6f-4cc1-49567caa94d9,MLDFT30,미미로린스 딥 퍼퓸 디퓨져- 테르 (선물세트)200 ml,,active
ae44dd12-039f-8ecd-0993-7f6b0dd1dab6,FJCRM04,프레쥬 유주 허니 인리치드 크림10ml / 튜브,,active
28520dd6-3508-45f0-25d7-442bbdd799ec,FJCRM05,프레쥬 어성초 블레미쉬 수분크림10ml / 튜브,,active
54041952-b535-5e07-8ea1-1d5d250dd1c5,FJFC005,프레쥬 레틴 콜라겐 3D 코어 클렌징폼250 ml,,active
df95c7e4-d133-f9e7-e050-77cbee7e77b2,FJMT001,프레쥬 레틴 콜라겐 3D 코어 앰플미스트200ml,,active
806a967b-f331-23f9-bb52-3826713c5061,CCSPN02,세라클리닉 더마이드4.0 안티헤어로스 샴푸 그린클렌즈 뉴1000ml,CERACLINIC,active
6b2c017e-702b-c0c6-ae83-1f42fe3f0ec9,CCRSN02,세라클리닉 더마이드4.0 안티헤어로스 헤어팩 그린클렌즈 뉴1000ml,CERACLINIC,active
d37097f9-ef60-65a1-95b6-26f1be39f76b,MLHC018,미미로린스 모먼트 래디언스 핸드 포마드크림- 아로마틱 리플렉션60mL,,active
cb0c513c-ba8f-2982-b217-3cebcf9fe4d4,MLHC019,미미로린스 모먼트 래디언스 핸드 포마드크림- 드로우인 선셋60mL,,active
234ea09b-d83a-5283-6243-2e7562511b5a,MLHC020,미미로린스 모먼트 래디언스 핸드 포마드크림- 글로우온 페탈60mL,,active
dfb2cb60-2c63-4f98-29ce-f1b3c9f6b79f,RRPM001,로에랑스 퍼퓸 미스트- 듀100ml,LOERANCE,active
a1120d6d-c895-25b3-16dc-1475e1f44ddc,RRPM002,로에랑스 퍼퓸 미스트- 레인100ml,LOERANCE,active
7025bf96-f408-439e-8707-73bbd334776e,RRPM003,로에랑스 퍼퓸 미스트- 나이브100ml,LOERANCE,active
b1520a28-d1ff-77b5-938e-680d5ecbf344,BDMK001,보르도 드래곤 힐 마스크5g*2ea,,active
0c830948-e70c-8f17-6e3b-6a4dff7dff3c,BDFS004,보르도 드래곤 풋 스틱18g,,active
0c707f73-13c9-3dc9-5633-d4e54df99518,BTSS001,바스파 오스트레일리안 솔트 바디 스크럽- 컴포트 라벤더250 ml,,active
61fa7be2-d2ae-fc9f-0c14-659bfeba873f,FJXX3T1,프레쥬 레틴 콜라겐 3종 세트 [토너+크림+아이크림]토너+크림+아이크림,,active
2287fc41-b899-067b-c712-ad764e6e5a41,KBCR008,키스바이 로즈마인 프래그런스 크림 캔디 블룸140mL,,active
88b9c04b-2232-c0cd-5669-9710373a84aa,FJCR007,프레쥬 바이옴 5-락토 밸런스 모이스쳐라이져 50ml50 ml,,active
172efa0a-781f-d2fd-36ed-efdded5a1b18,FJAP007,프레쥬 바이옴 5-락토 트리트먼트 앰플 50ml50ml,,active
ba21a85b-3707-a334-5a9a-8ba1b002d0c7,FJSL007,프레쥬 바이옴 5-락토 밸런스 토너 300ml300ml,,active
2bd83ffb-1c20-b98c-cdc6-1b8c31e42a64,FJGC007,프레쥬 바이옴 5-락토 밸런스 젤 클렌저 210ml210 ml,,active
0688e412-7ba3-09fa-85d7-764518c967ca,BTSS002,바스파 오스트레일리안 솔트 바디 스크럽- 블랙베리250 ml,,active
caa87ec2-f7aa-9c8b-a76c-dcc403c5bc5b,BTSS003,바스파 오스트레일리안 솔트 바디 스크럽- 그린티250 ml,,active
f6942bfa-a0dc-7ee4-e80b-a55d13c65d14,ILWS007,이즈리프 퓨어 페미닌 버블 클렌져 블루밍250ml,,active
10c32403-3d70-a24d-310d-0720688add3b,JOCM2T1,제이온 버드 네스트 클렌징 미니 세트오일(미니) 55ml+ 폼(미니) 30ml,,active
9cabc40d-3461-a76e-0efd-37d1b59a9488,JOSR001,제이온 에이씨 더마 레메디알 세럼50ml,,active
d96fda2c-96c6-bc2d-6fbe-e450f2f96f2e,JOCO002,제이온 에이씨 더마 레메디알 클렌징 오일150ml,,active
7e7f442d-6573-8941-ca88-3e2bcb3c3294,FJSC002,프레쥬 어성초 에어리 핏 선크림50g,,active
8801cc5d-d19e-f207-2089-65180f0614c2,RRHWR01,로에랑스 블루밍 버블 핸드워시- 화이트머스크 (리필용)250 ml,LOERANCE,active
c4565717-686b-5a3c-094b-b2fc4238da3d,RRHWR02,로에랑스 블루밍 버블 핸드워시- 문라이트 (리필용)250 ml,LOERANCE,active
d5f78648-ce24-3461-645c-5f8db9cdd0ee,RRHWR03,로에랑스 블루밍 버블 핸드워시- 퓨어솝 (리필용)250 ml,LOERANCE,active
a4f16ef7-2ed0-8a0f-63a8-3da718ea50df,JOFC005,제이온 에이씨 더마 레메디알 클렌징폼100ml,,active
a63e2c89-9467-f886-fb77-dcb5d26230e7,JOAC4T1,제이온 에이씨 더마 레메디알 미니 세트 (4종)토너(미니)30ml + 크림(미니)10ml + 클렌징오일(미니)55ml + 클렌징폼(미니)30ml,,active
3e2fb491-30a8-b3bb-c83e-340aedbfb69d,FJEC001,프레쥬 유주허니 캡슐 아이크림15 ml,,active
e760cf1d-23f3-47e2-f22a-3972c3c67c70,JOSL001,제이온 에이씨 더마 레메디알 토너150ml,,active
bc1d7600-a736-2b3d-7a93-e2dace706bb6,RRBM012,로에랑스 터치 마이바디 퍼퓸미스트- 체리블러썸250ml,LOERANCE,active
e28c71e9-c784-7cdb-61bc-293cb27f6009,RRBM013,로에랑스 터치 마이바디 퍼퓸미스트- 브리즈250ml,LOERANCE,active
0e58ca78-b20f-dc77-6993-f54e0705837d,AOSPN01,샤샤 아르간오일 어성초 안티헤어로스 샴푸 뉴1500ml,SHASHA,active
bd1adf25-d25b-b145-5fe6-c56590c94080,FJPD001,프레쥬 오리지날 허브 자연약쑥 포어패드 60ea/170ml170ml / 60매입,,active
d5abc173-c1bd-8ebc-0560-8887e894c6b6,FJPDR01,프레쥬 오리지날 허브 자연약쑥 포어패드 리필60ea/170ml170ml / 60매입,,active
29a4a864-96ec-64ae-05dd-a6728d6adada,JOCR001,제이온 에이씨 더마 레메디알 크림50ml,,active
d48229bb-5c09-eaa0-3aea-88364174341b,JOCR002,제이온 누드 스킨 미라클 씨씨크림50g,,active
606405be-8ed3-be0c-ff71-3bffb1224f18,AOBC004,샤샤 알로에베라 바디워시1500ml,SHASHA,active
06ff9cbe-9348-573a-1ec1-606ca9076f69,AOBL004,샤샤 알로에베라 바디로션1500ml,SHASHA,active
3abf7a9e-b9ca-fcd1-ae42-a196e843aaa3,인건비,인건비(추가작업비),,active
75bb5a1b-fa0e-fc18-ff03-8318dcf1642f,AOSG000,샤샤 알로에베라 수딩젤1500ml,SHASHA,active
227834cd-c10c-f4fa-33b2-5a2323dce659,AOSP004,샤샤 알로에베라 앤 프로폴리스 샴푸1500ml,SHASHA,active
feb8844e-258a-8624-a070-d63e2b185817,FJSC003,프레쥬 어성초 워터 핏 선스크린50ml,,active
3f064298-5a42-3cb2-0734-5b40c2b472dd,JOCR003,제이온 버드네스트 피디알엔 크림50ml,,active
b45b4812-e79e-2bef-2955-45de6d3d8f9c,JOCRM03,제이온 버드네스트 피디알엔 크림미니튜브 10ml,,active
b5cafd26-daef-4ac7-248b-d8fe4f2df968,JOPW001,제이온 마차 엔자임 파우더 워시1g*20ea,,active
2ed8c673-3729-36bf-857d-d800ac94dcd4,BBHC023,바바리라 퍼퓸드 핸드크림- 가든로즈60ml / (6차디자인/그림) 튜브,,active
ff932452-9694-853f-ca1b-f3693ce6cf4c,BBHC024,바바리라 퍼퓸드 핸드크림- 패션프룻60ml / (6차디자인/그림) 튜브,,active
b446034a-1b6b-0e41-22ef-229db69198df,BBHC025,바바리라 퍼퓸드 핸드크림- 쁘띠걸60ml / (6차디자인/그림) 튜브,,active
6d271f38-91ef-33f4-2f3c-eca282f6796b,FJAP001,프레쥬 레틴 콜라겐 3D 코어 앰플50ml,,active
0cdf6f4d-c4e2-62fe-64d4-12b710c7175b,JOEC001,제이온 버드네스트 리바이브 아이크림15ml,,active
5d647d91-d27d-007e-471f-8252b9fb2f01,FJMK003,프레쥬 프로 모이스처 밀크 토닝 클레이 마스크75g,,active
a4f1f523-56ec-2ad6-3a99-925766a2ab73,FJMK004,프레쥬 유주허니 안티 멜라 캡슐 마스크75ml,,active
0adfaed4-935c-174f-c1d6-cd98ffc7e789,FJMK005,프레쥬 어성초 포어 멜팅 겔 마스크75ml,,active
3a843dd6-8b7c-abec-b5c2-22c0a310ad68,FJMK006,프레쥬 레틴 콜라겐 3D 코어 래디언스 마스크75ml,,active
c61f7aca-f473-9a7f-6b2b-46f89983a0f5,FJMK007,프레쥬 바이옴 5-락토 리텍스쳐라이징 로지 마스크75g,,active
78645ae0-880a-c01a-6b9f-7bc1844be74d,PDIR011,페디슨 락토 플로라 릴리프 페미닌 클렌저 [200g (거품용기)]200g (거품용기),PEDISON,active
c90f3332-5dfb-81d6-8709-abe50686b258,PDIR012,페디슨 락토 그린 리프레쉬 페미닌 클렌저 [200g (거품용기)]200g (거품용기),PEDISON,active
a0b35cce-c08d-1df7-3907-578452761669,BTBC007,바스파 바쓰 솔트 스크럽 바디워시- 코지허그1000 ml,,active
e7fac0ba-5749-537d-7ca5-e79c82ae1988,AORS004,샤샤 알로에베라 앤 프로폴리스 컨디셔너1500ml,SHASHA,active
eae1cc0e-1040-8fc6-8605-bfb85f2fac0d,FJCP001,프레쥬 오리지날 자연약쑥 효소 클렌징팩 80g80g,,active
5dfd473d-f922-7e87-02bc-d5563af652e7,FJOF001,프레쥬 레틴 콜라겐 3D 코어 오일 투 폼클렌저 210g210 g,,active
17496c88-9833-923e-cab5-78aff123abc8,FJMT002,프레쥬 프로 모이스처 크림 미스트120ml,,active
be7d8bc7-a17d-4edd-4c26-96691680b8af,MLPGM02,미미로린스 모먼트 퍼퓸- 멜리플루어스5ml,,active
a524c635-d26d-adf5-b878-3b0124deb9e1,MLBC016,미미로린스 모먼트 릴렉스 바디워시 그린 블리스500 ml,,active
41f0297a-4abe-7d0d-021e-ff87bf3bc924,MLBL010,미미로린스 모먼트 릴렉스 바디로션 그린 블리스500 ml,,active
12877eae-114e-6083-96ef-a48ba5365081,MLRS005,미미로린스 모먼트 릴렉스 헤어 컨디셔너 그린 블리스500 ml,,active
b8548348-9a11-7930-fc37-953625c3153a,MLSP005,미미로린스 모먼트 릴렉스 헤어 샴푸 그린 블리스500 ml,,active
4e3af608-febb-4928-c213-abce99adad51,ILWS008,이즈리프 인티메이트 워시 포맨 인피니티200ml,,active
8b31a4e2-a2f8-2f2d-8b77-f8fdaecdc2c3,FJCRT02,프레쥬 오리지날 자연약쑥 진정 수분크림100ml / 튜브,,active
be56183c-8463-ad09-f394-11e41d5d5b20,기타,메이드인코리아스티커부착,,active
0c9a76bb-0126-393e-1c73-23132b735a3c,VMSP013,밸르모나 얼쓰 바이탈 샴푸500g,,active
fe021475-8ac4-a601-3838-089cfd6b2dc3,FJBB001,프레쥬 레틴 콜라겐 3D 코어 블레미쉬 밤50 g,,active
65c358fb-4645-10f8-142b-a53a7f7d61e5,ILMT005,이즈리프 인티메이트 미스트 포맨 인피니티60ml,,active
31729bed-47b4-7470-b8f2-4c17d45ecb9c,FJWE001,프레쥬 알케믹 진세노사이드 워터리 에센스250 ml,,active
c95d5ec4-d886-293a-0691-332e25dff7ae,FJSL008,프레쥬 알케믹 진세노사이드 허벌 알엑스 토너250 ml,,active
472f43e5-95f1-8062-7cc6-65c7020cb56a,FJCR008,프레쥬 알케믹 진세노사이드 인텐스 퍼밍 크림50 ml,,active
5322428d-e6c8-a5eb-575b-703093164ece,FJES001,프레쥬 알케믹 진세노사이드 컨투어 아이 세럼25 ml,,active
41cf3eec-42c7-c186-6632-987cb7ec11c6,FJOF002,프레쥬 알케믹 진세노사이드 오일 투 폼 클렌저210 g,,active
460f9acb-dda9-6f43-5419-edad1e2c4e15,FJLO001,프레쥬 레틴콜라겐 3D 코어 립 오일3.2 mL,,active
8bfef0bf-97a2-4ca5-478f-9fbcf06bf623,RMBLP03,로즈마인 퍼퓸드 바디로션 - 글래밍 비쥬4g/파우치,,active
091dbe8e-9e67-cecc-acd6-637a516c8552,FJCRM08,프레쥬 알케믹 진세노사이드 인텐스 퍼밍 크림- 미니10 ml,,active
32227bbd-0bdb-bce6-b240-34b5c7bed10b,FJWEM01,프레쥬 알케믹 진세노사이드 워터리 에센스- 미니30 ml,,active
706459cd-0980-9f7c-6512-fa510cb1795e,FJSLM08,프레쥬 알케믹 진세노사이드 허벌 알엑스 토너- 미니30 ml,,active
12c06423-4fee-ef28-10d0-50a19f17a557,FJOFM02,프레쥬 알케믹 진세노사이드 오일 투 폼 클렌저-미니30 g,,active
0e7c554e-3404-85f4-94ee-41c431fb50e3,CCHP001,세라클리닉 더마이드 4.0 헤어팩 프로테인 퀀치250ml,CERACLINIC,active
52421068-876f-cb03-fb39-a9f425a9557a,FJPW001,프레쥬 레틴 콜라겐 3D 코어 파우더 워시 1g * 30ea1g*30ea,,active
878242cf-5273-b3be-f723-79bb70d389e3,CCAB001,세라클리닉 더마이드 4.0 앰플 밤 프로테인 퀀치 150m150 ml,CERACLINIC,active
e9c02bd6-7981-af4a-e651-a2bace310d4d,CCAO001,세라클리닉 더마이드 4.0 앰플 오일 프로테인 퀀치 100ml95 ml,CERACLINIC,active
522f20b9-88ac-0c35-7e44-6ccf1bea49c4,BTBC008,바스파 바쓰 솔트 스크럽 에이씨 바디워시- 퓨어리프1000 ml,,active
007caa02-cd60-347b-480d-9fade4e542d5,KBHC011,키스바이 로즈마인 프래그런스 핸드크림- 글래머 대즐링30ml,,active
3da638e0-8e2d-64f4-3171-18f22c7c1119,KBHC012,키스바이 로즈마인 프래그런스 핸드크림- 글래며 멜로우30ml,,active
266e92cc-a920-e937-8bc4-d426b6cf70a7,KBHC013,키스바이 로즈마인 프래그런스 핸드크림- 글래머 캔디블룸30ml,,active
8737830a-9ea8-ab16-f29f-174f2bc67e2f,FJFCPN2,프레쥬 오리지날 허브 자연약쑥 클렌징폼삼각파우치 (5ml*20),,active
d2a5442d-2864-c7dc-cf93-896f3f77a9b4,FJBBP01,프레쥬 레틴 콜라겐 3D 코어 블레미쉬 밤2 g / 파우치,,active
c5a0f428-85c0-581a-3839-dcc45027f494,BTDM002,바스파 아로마 라운지 무드 퍼퓸 드레스 미스트 NO.2 오크 베르단트300ml,,active
949012e6-d27a-ca8e-644c-f7eae6c8d422,BTDM003,바스파 아로마 라운지 무드 퍼퓸 드레스 미스트 NO.3 루바브300ml,,active
a290a06d-7ae2-8f19-4779-42632d1fe21c,BTBO001,바스파 아로마틱 플로우 바디 트리트먼트 오일- 머스크 앰비언스300 ml,,active
9602a2fd-cb50-a83c-b00f-83a86335a632,BTBO002,바스파 아로마틱 플로우 바디 트리트먼트 오일- 로즈 레베리300 ml,,active
00ff4dd3-1571-ae2e-1b57-bdf59a5c9954,BTBO003,바스파 아로마틱 플로우 바디 트리트먼트 오일- 넥타 세레니티300 ml,,active
63d26f17-33c2-0ea5-3753-952f7422e822,CCATR01,세라클리닉 더마이드 4.0 앰플 트리트먼트 프로테인 퀀치200 ml,CERACLINIC,active
77750e27-a8db-e852-478a-4ad0f0ca321b,BTCR003,바스파 바디 톤 업 크림 미네랄 케어150ml,,active
64e7cf5b-9d7a-9c47-927a-1c81a37e4097,AOSP003,샤샤 아르간 오일 어성초 캡슐 스크럽 샴푸1000 ml,SHASHA,active
dfd8f1b4-3d87-fda0-e9a1-1012498e7515,PDBC004,페디슨 인스티튜트-보떼 자몽 핑크 밸런싱 바디워시2000ml,PEDISON,active
acdeed0e-2697-f083-cf69-29a4da265fd0,CCCC001,세라클리닉 더마이드4.0 컬링 크림 프로테인 퀀치150ml,CERACLINIC,active
f403893b-1a8b-a757-5ed8-903059f0196d,FJCL001,프레쥬 프로 모이스처 버블 클렌저200g,,active
49993f0c-0cba-dfd3-a267-607a4d796141,FJCR009,프레쥬 프로 모이스처 세라토 에어리 크림50 ml,,active
22b5ce00-209e-b7f3-66cd-e81181050fef,FJCRM09,프레쥬 프로 모이스처 세라토 에어리 크림10 ml / 튜브,,active
072f6125-9c58-aad0-ec1a-6bcc6e4b71fc,FJCO002,프레쥬 어성초 포어 멜팅 클렌징 오일210 ml,,active
51ac243b-8480-90f9-2c48-ce8c7b114d4b,STO-0712,"프레쥬 세면 타올_아이보리 블루라벨_아이보리,인쇄_블루",,active
9534ff76-9dea-2ae8-14be-d77deaa3786d,STO-0713,"프레쥬 세면 타올_옐로우 블루라벨_옐로우,인쇄_블루",,active
5651599e-771a-373a-c931-0a191b85f36f,STO-0711,"프레쥬 세면 타올_아이보리 옐로우라벨_아이보리,인쇄_옐로우",,active
744a1a24-6207-4c1f-4bc0-70530f884a3a,CCRT001,세라클리닉 더마이드 4.0 안티헤어로스 루트 토닉 그린 클렌즈110ml,CERACLINIC,active
f780d16a-a1fb-5954-0889-445a8be48794,CCSP004,세라클리닉 더마이드 4.0 앰플 샴푸 프로테인 퀀치500ml,CERACLINIC,active
2ab4cd80-2ca9-febd-069b-452a5460570d,AOFC001,샤샤 녹두 시카 클렌징 폼220 ml,SHASHA,active
46a7968e-85c0-5775-5f37-04ab6c11cf6d,SKA-1239,(단상자)프레쥬 프로 모이스처 크리미 토너500ml,,active
478831d3-e7e0-fd68-174b-1079cbe840d4,FJAP003,프레쥬 프로모이스처 B5-히알루 앰플50ml,,active
3998eba5-200f-598b-4042-89977413d4bc,FJAP005,프레쥬 어성초 블레미쉬 리뉴 앰플50ml,,active
4063e0bd-853d-de79-88af-a954b0ab70ee,FJAP004,프레쥬 유주허니 올리고 써지 앰플50ml,,active
3e983ef7-d3c8-ba12-9aa7-2917451b929b,CCVF000,세라클리닉 더마이드 4.0 볼륨 픽서 프로테인 퀀치200ml,CERACLINIC,active
fc879e2f-48fe-5600-a123-11407bd14f3b,KBBC001,키스바이 로즈마인 스텔라리 바디워시-센스얼리티300mL,,active
1864af87-d48b-fe3c-b519-c732b4862c2e,KBBC002,키스바이 로즈마인 스텔라리 바디워시-호프300mL,,active
ee9422f5-a0b1-3ffc-ece7-f6d981a757c0,KBBC003,키스바이 로즈마인 스텔라리 바디워시-블리스300mL,,active
27d657e0-51d3-a868-0255-6c8d23445860,KBBC004,키스바이 로즈마인 스텔라리 바디워시-스너그300mL,,active
f6ed4d91-75e3-3230-c490-42dba046ddf5,수수료,수수료(수출면장 발급수수료),,active
3fc09219-50e8-5d24-fac4-967aa11b5f16,RMHC010,로즈마인 퍼퓸드 핸드크림 머스크 앤 머스크,,active
5a038bdb-1b60-1266-b946-083eeb9ed70d,AOBL005,샤샤 세라 데오 바디로션 1500ml1500ml,SHASHA,active
9182da3c-65e7-1340-25aa-6f2f937be3a4,RABD2T1,로즈마인 아로마 리 고요 바디 세트 (2종)워시300ml+로션300ml,,active
6162752a-8c41-454a-1bd3-c5cfebf7fed0,AOBC005,샤샤 아르간 오일 진저 쿨링 케어 바디워시1000ml,SHASHA,active
5d802a6b-93e6-f3cb-ad50-23122cc9cb97,FJCB002,프레쥬 프로 모이스처 엔자임 클렌징 밤 [110ml]110ml,,active
93d1f5db-9e54-25a4-fb26-e874522e9049,FJMK008,프레쥬 알케믹 진세노사이드 엑소 랩 마스크 [80g]80g,,active
b3bfbbde-1c4a-7018-dbc2-75d88a8b4eab,BTBC009,바스파 바쓰 솔트 스크럽 바디워시- 차콜1000 ml,,active
bb631a78-3230-5ea8-28cd-5d755d41b370,BTBC010,바스파 바쓰 솔트 스크럽 바디워시- 클리어 팝1000 ml,,active
4ca7fdef-117c-a240-0c3e-07c2168a1e0e,ILWS009,이즈리프 인티메이트 워시 젤 포맨 프레쉬60ml,,active
4157fc9d-1e7f-8cec-2555-3831f06da535,AOFC002,샤샤 라이스 크림 클렌징 폼220 ml,SHASHA,active
96122ce1-5da3-d386-5a76-401055f5afe3,PTLM001,판테스틱 탑원 6978 비타로닉 립 슬리핑 마스크12 g,,active
2ce2706f-116b-d179-657e-a51b1e2584d1,BTBCM04,바스파 바쓰 솔트 스크럽 바디워시- 소프트 로지30ml 튜브,,active
b592615b-b3a8-89e4-1c5b-6f55af17bbb1,BTBCM05,바스파 바쓰 솔트 스크럽 바디워시- 컴포트 라벤더30ml 튜브,,active
553ccc6b-0263-e5fa-95f8-435898510c4d,BTBCM09,바스파 바쓰 솔트 스크럽 바디워시- 차콜30ml 튜브,,active
0524f08a-9d74-78cb-30f8-6d7913fead59,PTMK001,판테스틱 탑원 6978 웜우드 히알루로닉 마스크21ml,,active
a31fb88f-a8b0-1691-02fb-9d65ea8343cb,PTMK002,판테스틱 탑원 6979 비타로닉 마스크21ml,,active
26f4952d-201e-9797-1531-fe8ef6907823,동판비,동판비,,active
dddfbfa6-878b-8af1-6511-5efcc0bd0c79,CCHPB01,세라클리닉 더마이드 4.0 헤어팩 프로테인 퀀치 [600ml]600ml,CERACLINIC,active
514294c8-7014-fb8c-080f-b59a1c74be0f,FJGB001,프레쥬 어성초 블레미쉬 클렌징 젤 밤 [100ml]100ml,,active
89fc6c99-ce79-abf7-14a9-ff7de7f99843,RRBL001,로에랑스 블리스 마이 바디 퍼퓸 로션- 문라이트220 ml,LOERANCE,active
38728249-3034-605c-e33f-904450a16293,FJBB002,프레쥬 레틴 콜라겐 3D 코어 블레미쉬 밤 클레어 [50 g]50 g,,active
8e4eae85-797d-0f6f-a916-3f1a66ba4e49,RRBL002,로에랑스 블리스 마이 바디 퍼퓸 포션-체리블러썸 [220ml]220 ml,LOERANCE,active
