id,source_system,source_record_id,warehouse_code,product_id,product_code,lot_no,on_hand_qty,reserved_qty,available_qty,confidence_status
2b0088c9-7cb5-2f0c-827c-77f797d4e383,erp,ADML000,W104,44a0c700-2381-4856-7861-7ff04d395fd3,ADML000,SEED-ADML000,5,0,5,medium
83053e91-b189-79a5-4874-3cecdc0b0496,erp,AJBC002,W104,3a6aa938-6907-baac-8281-61c9842946f9,AJBC002,SEED-AJBC002,3000,0,3000,medium
3ab3bb23-2b3a-8abb-6405-f95518d5e066,erp,AJSP002,W104,f71fd9ef-103e-0f93-0985-d21ef4911f62,AJSP002,SEED-AJSP002,2000,0,2000,medium
afd75f52-70b8-0c42-5bcf-63e236cc065f,erp,AOBC000,W104,335380e1-9218-806c-de06-0d17fa76a99c,AOBC000,SEED-AOBC000,3425,0,3425,medium
9788d853-ab5d-706b-154a-d983b0900b0f,erp,AOBC001,W104,c51f6df3-33cb-ae12-86b8-1d53e5366fcb,AOBC001,SEED-AOBC001,483,0,483,medium
a5e4b644-1368-b1e8-72d1-62167f77d534,erp,AOBC002,W104,6f857c99-4b3c-c6ef-99fc-5ca469876b5b,AOBC002,SEED-AOBC002,454,0,454,medium
7d81aee4-de10-ebc5-f5b5-21a0db71aafc,erp,AOBC003,W104,ddae4956-e813-9cb0-bef1-0daa1159ce86,AOBC003,SEED-AOBC003,502,0,502,medium
c34d8d03-716e-b026-4a9e-4200d0cd7bd9,erp,AOBC004,W104,606405be-8ed3-be0c-ff71-3bffb1224f18,AOBC004,SEED-AOBC004,92,0,92,medium
268fbb8e-b962-d288-38cb-40fff77fe387,erp,AOBC005,W104,6162752a-8c41-454a-1bd3-c5cfebf7fed0,AOBC005,SEED-AOBC005,1801,0,1801,medium
0516b6c7-f223-eb86-49e5-a775e5e6312a,erp,AOBCM03,W104,a11783fb-40f7-768d-7bf2-033418bdc94e,AOBCM03,SEED-AOBCM03,1,0,1,medium
f7f02087-94bc-86c0-e006-ef9d46141ae8,erp,AOBL000,W104,ed39592d-09bb-f376-d04c-602664f5a01e,AOBL000,SEED-AOBL000,2711,0,2711,medium
837b5e6a-f8e4-bcee-e9c6-4f873201006e,erp,AOBL001,W104,5b36b164-2ba4-b261-5b79-0cfec06e355d,AOBL001,SEED-AOBL001,122,0,122,medium
7fd439f9-9ac4-de57-1e50-d5d6fa418255,erp,AOBL002,W104,f411e713-9f14-2c93-ab36-06366658295a,AOBL002,SEED-AOBL002,488,0,488,medium
935cdcfc-5f0d-2630-0bb8-ffdf58055964,erp,AOBL003,W104,563b36b3-1496-3f8e-cc64-27cef20f9623,AOBL003,SEED-AOBL003,247,0,247,medium
dcc6fb90-0a0b-29a6-c246-d1abb0f153b0,erp,AOBL004,W104,06ff9cbe-9348-573a-1ec1-606ca9076f69,AOBL004,SEED-AOBL004,759,0,759,medium
980b1266-b2cd-15ad-f554-ce8201fbb34b,erp,AOBL005,W104,5a038bdb-1b60-1266-b946-083eeb9ed70d,AOBL005,SEED-AOBL005,1188,0,1188,medium
36bf1e9d-8df3-57c5-7d67-0b78bf8abef4,erp,AOFC001,W104,2ab4cd80-2ca9-febd-069b-452a5460570d,AOFC001,SEED-AOFC001,16501,0,16501,medium
4a9253fc-6122-7a6f-242c-786e58175340,erp,AOFC002,W104,4157fc9d-1e7f-8cec-2555-3831f06da535,AOFC002,SEED-AOFC002,20671,0,20671,medium
74c4eb3e-2c19-4785-97c3-b599c3a42d58,erp,AOHA001,W104,878e86cc-2324-f0c9-ced1-559cb2bf140a,AOHA001,SEED-AOHA001,531,0,531,medium
f7c2500c-376b-743d-e8f5-0c5b8bcb7f18,erp,AOHE001,W104,e85df655-f963-e41e-2845-116f8e94265b,AOHE001,SEED-AOHE001,252,0,252,medium
c8a1abba-3148-19f7-d13d-da93d49f2203,erp,AOHSR00,W104,8d27f1a3-2cc7-ab00-fcf0-e7daeb3fad89,AOHSR00,SEED-AOHSR00,4304,0,4304,medium
a940092c-d696-e6d0-2f8b-2b9eee88eba2,erp,AORS000,W104,6759e15c-8da4-7e40-03e8-b966c80dd0dd,AORS000,SEED-AORS000,1630,0,1630,medium
3aa92757-9d63-97d4-c6ef-8440d5f9a98d,erp,AORS001,W104,b49c9ce7-bddc-2c73-def2-5db5f65d8786,AORS001,SEED-AORS001,1060,0,1060,medium
d2575cab-8d02-ab56-6fb5-7dab6bf9b7b3,erp,AORS004,W104,e7fac0ba-5749-537d-7ca5-e79c82ae1988,AORS004,SEED-AORS004,1149,0,1149,medium
58e30e7c-1041-c90a-ebfa-3d0ac12be47f,erp,AORSM00,W104,5bf5997f-d269-9ec5-77e6-305ec22f6adf,AORSM00,SEED-AORSM00,122,0,122,medium
70b042fb-b55a-9ead-ce7a-94f7f39a5fda,erp,AORST00,W104,62120715-4685-053a-d419-9d65ec389755,AORST00,SEED-AORST00,450,0,450,medium
134f173a-a95a-f1b5-4b34-78c9a504e7fc,erp,AOSG000,W106,75bb5a1b-fa0e-fc18-ff03-8318dcf1642f,AOSG000,SEED-AOSG000,61,0,61,medium
f45f2a35-1e89-6b4f-7c1f-ea9819db2f3e,erp,AOSP000,W104,0ffa56fc-0886-762c-2811-0b90b00adb06,AOSP000,SEED-AOSP000,4549,0,4549,medium
a285347c-e11d-6f00-abd9-2667ae9f3865,erp,AOSP002,W104,35d62bda-95d8-db71-4e85-08896fd69620,AOSP002,SEED-AOSP002,2692,0,2692,medium
a265b8c3-1698-ba2d-bfc6-f2a33ba11ccc,erp,AOSP003,W104,64e7cf5b-9d7a-9c47-927a-1c81a37e4097,AOSP003,SEED-AOSP003,1513,0,1513,medium
b35c0028-2327-90e5-08e5-e805c833e30e,erp,AOSP004,W104,227834cd-c10c-f4fa-33b2-5a2323dce659,AOSP004,SEED-AOSP004,95,0,95,medium
781a5d49-adef-febb-a6b3-54cded09ff62,erp,AOSPM00,W104,3e92cf72-0682-e3c0-5698-2271c1bb62cd,AOSPM00,SEED-AOSPM00,528,0,528,medium
6a62b473-6b2f-b4fd-6bf8-ace7046d9cbf,erp,AOSPN01,W106,0e58ca78-b20f-dc77-6993-f54e0705837d,AOSPN01,SEED-AOSPN01,12,0,12,medium
eb72e07b-10c2-dd5e-ad96-11fba05d123b,erp,AOSPT00,W104,a16767e1-de4c-d419-a598-8b8e9c5d48f0,AOSPT00,SEED-AOSPT00,4800,0,4800,medium
4966ab3e-4b58-5333-8f2a-ec157bac1558,erp,AOWS000,W104,2f07ba81-4b91-fa8c-fed6-0bb72e0c3941,AOWS000,SEED-AOWS000,736,0,736,medium
f6c8307f-9a19-cfd5-c2a2-aa1bb7b689fe,erp,BBHC023,W104,2ed8c673-3729-36bf-857d-d800ac94dcd4,BBHC023,SEED-BBHC023,43,0,43,medium
cf2e88d1-365f-907b-ef43-8c2cde2d6174,erp,BBHC024,W104,ff932452-9694-853f-ca1b-f3693ce6cf4c,BBHC024,SEED-BBHC024,18,0,18,medium
8fda59c8-c683-4092-f0a1-d999112fd765,erp,BDFD001,W104,ef43f507-c914-5496-b5a3-aaad66dee31c,BDFD001,SEED-BDFD001,221,0,221,medium
50ada847-784d-13e1-7fb1-6e00a39f0734,erp,BDFM001,W106,6d4a76b8-58da-2423-8c95-5e1b1287f103,BDFM001,SEED-BDFM001,12872,0,12872,medium
4907a782-2259-7921-6bc0-d20769ae6323,erp,BDFS004,W106,0c830948-e70c-8f17-6e3b-6a4dff7dff3c,BDFS004,SEED-BDFS004,1141,0,1141,medium
7689bf99-3ec6-e9d5-f8e5-9035312f5267,erp,BRSCN10,W104,48608b4f-11b7-42bb-520b-ee8453105d00,BRSCN10,SEED-BRSCN10,2675,0,2675,medium
9432f433-994b-ded8-3e8e-aff0df32f719,erp,BTBC004,W104,3407fb99-9532-a4c7-827d-9e9a636b138b,BTBC004,SEED-BTBC004,1964,0,1964,medium
db230199-d3d8-659a-2169-7b8ef16c7edf,erp,BTBC005,W104,d6210ee7-2896-9aeb-3bae-4ef44ddad56f,BTBC005,SEED-BTBC005,1199,0,1199,medium
ebbd855f-b2ea-27a0-dd32-b52f6796f260,erp,BTBC006,W104,bb335114-b4b0-45c3-0b88-d960d20926b1,BTBC006,SEED-BTBC006,1230,0,1230,medium
84d0d090-4b55-8dba-d2bc-2cdaa791e5f7,erp,BTBC007,W104,a0b35cce-c08d-1df7-3907-578452761669,BTBC007,SEED-BTBC007,1391,0,1391,medium
f00deed2-6196-ab81-e30a-0eb168cae1d5,erp,BTBC008,W104,522f20b9-88ac-0c35-7e44-6ccf1bea49c4,BTBC008,SEED-BTBC008,895,0,895,medium
63c0bde3-6c54-de5c-1dd5-bded1902f412,erp,BTBC009,W104,b3bfbbde-1c4a-7018-dbc2-75d88a8b4eab,BTBC009,SEED-BTBC009,2527,0,2527,medium
4587985f-e477-8f5a-6b1a-50e7b5087d42,erp,BTBC010,W104,bb631a78-3230-5ea8-28cd-5d755d41b370,BTBC010,SEED-BTBC010,1900,0,1900,medium
c29e0949-9190-43a2-1182-500bbec8c239,erp,BTBCM04,W104,2ce2706f-116b-d179-657e-a51b1e2584d1,BTBCM04,SEED-BTBCM04,1776,0,1776,medium
679d0ffe-d73a-4a1d-6119-6d4a3d4c4cce,erp,BTBCM05,W104,b592615b-b3a8-89e4-1c5b-6f55af17bbb1,BTBCM05,SEED-BTBCM05,7695,0,7695,medium
9bebf93f-d39f-ec36-c01d-cfc4d7361a8c,erp,BTBCM09,W104,553ccc6b-0263-e5fa-95f8-435898510c4d,BTBCM09,SEED-BTBCM09,2117,0,2117,medium
889f70f3-6498-5124-311a-b8145912b86d,erp,BTBO001,W104,a290a06d-7ae2-8f19-4779-42632d1fe21c,BTBO001,SEED-BTBO001,1311,0,1311,medium
44961f5b-4040-6a0e-0155-c8532680e03c,erp,BTBO002,W104,9602a2fd-cb50-a83c-b00f-83a86335a632,BTBO002,SEED-BTBO002,1597,0,1597,medium
300967ef-6cfd-aecc-54a0-0e43efb34b12,erp,BTBO003,W104,00ff4dd3-1571-ae2e-1b57-bdf59a5c9954,BTBO003,SEED-BTBO003,915,0,915,medium
789713bc-ba75-7caa-8d58-0fd5a5c39393,erp,BTBS001,W106,8f529e58-ceee-c3ac-dbac-256a157a4694,BTBS001,SEED-BTBS001,572,0,572,medium
9825b9a7-d5fd-206d-58b5-8726c4980fb0,erp,BTBS002,W106,5eda3d86-ecb0-fb5c-05e6-1e70d508d658,BTBS002,SEED-BTBS002,518,0,518,medium
f759cdfb-40f6-8385-00d9-af8d89cd8c53,erp,BTBS003,W106,00b76608-9887-ab81-2e6f-9d397cf84937,BTBS003,SEED-BTBS003,538,0,538,medium
24f93be8-4737-e552-9a7a-0186f56ac1eb,erp,BTBS004,W106,70555c83-1f7d-f53a-b381-ab92d1b36366,BTBS004,SEED-BTBS004,278,0,278,medium
e98063f9-3cbc-a02e-5326-a3c437756a10,erp,BTBS005,W106,7c4691e2-6558-e890-17f7-db05e4c9f28d,BTBS005,SEED-BTBS005,443,0,443,medium
6fb3f7e8-b39d-ea10-04c4-f8c0ec8f5162,erp,BTCR003,W104,77750e27-a8db-e852-478a-4ad0f0ca321b,BTCR003,SEED-BTCR003,6,0,6,medium
7ce1c215-5957-8786-fb33-1c2b879730cc,erp,BTDM001,W104,96f28c25-58bb-9f4d-9075-1355ef1611af,BTDM001,SEED-BTDM001,1951,0,1951,medium
ba22a5e6-800a-10d3-eb38-119f1fcf0c17,erp,BTDM002,W104,c5a0f428-85c0-581a-3839-dcc45027f494,BTDM002,SEED-BTDM002,2279,0,2279,medium
ead93d71-7e73-f498-4125-81d76141d0bb,erp,BTDM003,W104,949012e6-d27a-ca8e-644c-f7eae6c8d422,BTDM003,SEED-BTDM003,1876,0,1876,medium
172edc98-89e3-f60d-e4b6-5909dd0f1111,erp,BTPP001,W106,03becd75-4160-6097-2845-014afa7f69ed,BTPP001,SEED-BTPP001,185,0,185,medium
13b90443-cab5-5787-697d-b7b1e5da6b3b,erp,BTSB001,W106,7b57ca7d-c461-ae8a-3279-e0a6d3501ae8,BTSB001,SEED-BTSB001,217,0,217,medium
2f98400a-401b-88aa-0dd0-f6c789d211c7,erp,BTSB002,W106,14ba2c1d-c82e-b880-da13-078d90b08314,BTSB002,SEED-BTSB002,145,0,145,medium
4c166b25-89cd-531c-013f-0f3351b8f1f7,erp,BTSB003,W106,eddc0f49-0f24-906f-395c-6b626e3f7a64,BTSB003,SEED-BTSB003,8,0,8,medium
8f6da5b0-4b75-b053-a9d4-2cce82b4fd7f,erp,BTSB004,W106,1d68708e-fb48-fdfc-9071-0743a21d6b14,BTSB004,SEED-BTSB004,21,0,21,medium
f6bd6b52-48cf-126f-d018-0d714965e90e,erp,CBOT001,W106,256b1338-3b63-23ab-02dd-fb4f60e5fc3c,CBOT001,SEED-CBOT001,10,0,10,medium
7d7f208f-468f-b23c-a6e1-0363c51149a7,erp,CBOT002,W106,41f0b23f-de7f-8c6d-ecda-61fe6d1c00dd,CBOT002,SEED-CBOT002,9,0,9,medium
92ce1728-8950-4d80-74c2-847b8537ef87,erp,CBOT0L1,W106,d2954a7d-e781-e8de-7a84-1a58dab3fb82,CBOT0L1,SEED-CBOT0L1,4,0,4,medium
fbe09d35-46b9-f655-584f-b96aa91140af,erp,CBOT0L2,W106,b697a3fc-e90d-96a0-6f86-80aabcf1588b,CBOT0L2,SEED-CBOT0L2,8,0,8,medium
9a7bde15-e1e4-b369-6860-30de892d67ae,erp,CBOT0M1,W106,bad0bca3-256e-90de-9714-b36dc171c3a3,CBOT0M1,SEED-CBOT0M1,6,0,6,medium
f3fb2ed0-e5e0-301b-1229-dc94facccf77,erp,CBOTFS1,W106,efc11b4e-b037-56de-373c-e1164f7f8801,CBOTFS1,SEED-CBOTFS1,2,0,2,medium
7ec2fd6c-68bd-96c8-4f59-df4801c557de,erp,CBOTM01,W106,b257b2cc-72f4-9bbb-39aa-129bd4f47080,CBOTM01,SEED-CBOTM01,26,0,26,medium
71eb2e4d-802a-3297-5e0b-7c0f819b9917,erp,CBOTPL1,W106,19193561-f382-318d-f422-dca54beeed28,CBOTPL1,SEED-CBOTPL1,8,0,8,medium
e37e8ab4-76fd-25f0-cca2-c1b56aba0ba7,erp,CBOTPL2,W106,bed6e441-824f-7a1e-9389-b0c582f3037e,CBOTPL2,SEED-CBOTPL2,6,0,6,medium
294db679-3aa7-38c9-ffa9-97a0b3a2105c,erp,CBOTPS2,W106,c56f7144-897d-af95-6dcd-e87ddd740d0f,CBOTPS2,SEED-CBOTPS2,4,0,4,medium
a25acc4e-d2cb-3fe1-4de6-880a3031b9e7,erp,CBOTW01,W106,f20e7436-c7b3-0a94-9f76-41ccf4fae7f7,CBOTW01,SEED-CBOTW01,28,0,28,medium
68219caf-66ac-7050-c83b-3727994336f6,erp,CCAB001,W104,878242cf-5273-b3be-f723-79bb70d389e3,CCAB001,SEED-CCAB001,3606,0,3606,medium
bb41ef28-d0a1-3e4b-c1e3-a07072da0b4f,erp,CCAO001,W104,e9c02bd6-7981-af4a-e651-a2bace310d4d,CCAO001,SEED-CCAO001,1441,0,1441,medium
0339a445-99b9-3f02-ab73-3f6122690d3d,erp,CCATR01,W104,63d26f17-33c2-0ea5-3753-952f7422e822,CCATR01,SEED-CCATR01,2609,0,2609,medium
9fd31df3-98ce-4fe9-e644-ed2d0ce4c9aa,erp,CCBL001,W104,355b357e-3f2f-e928-f6c8-5c6e78dc1259,CCBL001,SEED-CCBL001,191,0,191,medium
6b5fec19-bb02-002a-9db5-dc53ba11c903,erp,CCCC001,W104,acdeed0e-2697-f083-cf69-29a4da265fd0,CCCC001,SEED-CCCC001,2060,0,2060,medium
3aada161-af15-27d0-8499-d9acb8080e9c,erp,CCHP001,W104,0e7c554e-3404-85f4-94ee-41c431fb50e3,CCHP001,SEED-CCHP001,4543,0,4543,medium
e13876af-86c1-c6bd-597d-d16d4a4588c2,erp,CCHPB01,W104,dddfbfa6-878b-8af1-6511-5efcc0bd0c79,CCHPB01,SEED-CCHPB01,1759,0,1759,medium
c0960251-7413-224c-949f-86ca0a40f8aa,erp,CCHPM01,W104,1b4f225c-fc76-797f-466b-23ccd5ec94a4,CCHPM01,SEED-CCHPM01,888,0,888,medium
dbad7cdc-a223-00d6-2807-7d9d62236ee8,erp,CCRS001,W104,365827bc-1f12-f3e7-e192-025c1bbab30e,CCRS001,SEED-CCRS001,471,0,471,medium
3ec51139-b847-8a1a-6e81-d6c50335c285,erp,CCRS005,W104,40222e79-ed3f-a69e-4998-3ab9aaa15c99,CCRS005,SEED-CCRS005,507,0,507,medium
50d59ea1-f0cc-5751-f272-e7ef5fffd7ff,erp,CCRT001,W106,744a1a24-6207-4c1f-4bc0-70530f884a3a,CCRT001,SEED-CCRT001,6896,0,6896,medium
08d24151-073f-a3d7-3601-dc0d2514d4bc,erp,CCSP001,W104,0d467c5a-c335-88be-b7ef-8808c3d2d47f,CCSP001,SEED-CCSP001,1829,0,1829,medium
ed7626af-8680-5956-99cc-603d476e6389,erp,CCSP003,W104,c62119b6-7620-7a03-97d0-c1f8f090a4fa,CCSP003,SEED-CCSP003,270,0,270,medium
4da71a2e-d63e-6a74-f379-598de25919a4,erp,CCSP004,W104,f780d16a-a1fb-5954-0889-445a8be48794,CCSP004,SEED-CCSP004,2383,0,2383,medium
0501e0a8-9ca2-e5a6-78f8-4b8af10408f5,erp,CCSP005,W104,dfc96912-b406-fb21-fbd2-1c73b977ab5d,CCSP005,SEED-CCSP005,863,0,863,medium
5814f222-c04a-c7d5-180e-2e3994dac2f3,erp,CCSPM04,W104,c0774a30-9fa4-1909-c88d-e5417c53a3c4,CCSPM04,SEED-CCSPM04,844,0,844,medium
a4ea9f5e-bc9c-755c-d1d3-8d868fba8936,erp,CCVF000,W104,3e983ef7-d3c8-ba12-9aa7-2917451b929b,CCVF000,SEED-CCVF000,1762,0,1762,medium
3b684f71-ccd9-eb42-172f-767a6d1adc56,erp,CHHC001,W104,c4297cb0-72a5-0b0b-b842-ee0ef8df567d,CHHC001,SEED-CHHC001,322,0,322,medium
ea03d980-9e61-efaa-bc86-6f132e099fcb,erp,CHHC002,W104,c0d0ff34-fef1-a41a-d81c-f4ecbef47333,CHHC002,SEED-CHHC002,59,0,59,medium
086f11ab-d900-6689-986f-ae8125652ef8,erp,CHHC003,W104,763abe08-4e7a-6894-5c0f-9bb5ca7894f9,CHHC003,SEED-CHHC003,340,0,340,medium
89bfdc01-2872-8533-5a38-2c39c885fc3f,erp,CSCFB01,W106,0d088359-6433-269c-aea9-5f9a9db62a90,CSCFB01,SEED-CSCFB01,17,0,17,medium
6d043eeb-8f50-8666-e287-ac227554a699,erp,CSCFI01,W106,299e4d33-e4aa-1119-f6aa-b582a86ce1af,CSCFI01,SEED-CSCFI01,7,0,7,medium
9b239c99-1945-b843-9e65-03639bb8907a,erp,CSCFP01,W106,2291e72a-bb0e-0a80-29c9-d3fa1075683c,CSCFP01,SEED-CSCFP01,17,0,17,medium
e85ef882-369a-f573-28c5-73b93f4f2b2a,erp,CSRT0L1,W106,ee1f6b96-df6c-e19f-53bc-4e1fc2d5a86d,CSRT0L1,SEED-CSRT0L1,13,0,13,medium
5bc2731d-15c1-d305-d5d0-42b3cdfcc339,erp,CSRT0L2,W106,bc5c92b9-a793-d849-cc4a-05fa56b62421,CSRT0L2,SEED-CSRT0L2,16,0,16,medium
05bb7f62-432a-dfc5-89a2-f227f70d547d,erp,CSRT0M1,W106,5f29201d-5e89-eff2-cfee-fcb28c8b3b4d,CSRT0M1,SEED-CSRT0M1,16,0,16,medium
8b28ef42-7847-d0b7-50a8-1793f6b52c35,erp,CSRT0M2,W106,a1cf74c8-dca5-48a8-5a00-be1d3eb4f952,CSRT0M2,SEED-CSRT0M2,14,0,14,medium
670393ed-abe6-c84a-394b-5e91df542bab,erp,CSRTC01,W106,2bd37e57-2418-03b8-5369-5a0e13e54189,CSRTC01,SEED-CSRTC01,4,0,4,medium
574436f3-fb75-2695-72b0-f040d1d04640,erp,CSRTC02,W106,0a48200e-e48e-7543-8a04-6e58420e01e8,CSRTC02,SEED-CSRTC02,9,0,9,medium
aff3f193-2f68-3518-246e-872a09042981,erp,CSRTFL2,W106,682dd171-32b3-d607-0e89-f9331d67e71c,CSRTFL2,SEED-CSRTFL2,14,0,14,medium
2851b77a-0659-165f-6f3d-868fbb85f57f,erp,CSRTFM1,W106,bdffe497-7864-73fc-6396-72b364a0a2f8,CSRTFM1,SEED-CSRTFM1,13,0,13,medium
acb0e16c-a823-4db0-8e25-c0e15cdcfd16,erp,CSRTSL1,W106,b349baf6-1ba8-3b12-59e5-e309524b6e9f,CSRTSL1,SEED-CSRTSL1,15,0,15,medium
a9f492ae-cd31-42a8-9187-6a0beae5011f,erp,CSRTSL2,W106,7d6ff792-1e9e-6ae8-10ed-ee14afabe443,CSRTSL2,SEED-CSRTSL2,17,0,17,medium
a878847f-6d7e-39a0-86b7-eab0d6941593,erp,CSRTSM1,W106,6852a2a3-18c7-9a6d-6015-ca1384a1bb22,CSRTSM1,SEED-CSRTSM1,18,0,18,medium
1884a055-5520-552a-4d7d-50a0c1e8c0d0,erp,CSRTSM2,W106,1b107297-fe52-9c85-3fb1-4f6832aaa6e0,CSRTSM2,SEED-CSRTSM2,18,0,18,medium
da96f067-0633-c5e0-2904-60c92b3f903c,erp,CTOP001,W106,290524ca-f27d-1b8a-b7c3-345ff4ce94e1,CTOP001,SEED-CTOP001,9,0,9,medium
3aec8595-8adc-0843-c52c-68b98a0f3bbc,erp,CTOP002,W106,554fa012-3566-01a9-07a1-fff9a81d211e,CTOP002,SEED-CTOP002,6,0,6,medium
24fcb645-fbf5-cc19-e9f6-f7c9b8b3900b,erp,CTOPH01,W106,10fadd03-a010-5e3d-46ed-d4985c6c4cf3,CTOPH01,SEED-CTOPH01,9,0,9,medium
1d7d4a03-4381-e223-989a-93f75e2fa333,erp,CTOPH03,W106,a80dc39d-3237-68e4-3621-398941d94c4d,CTOPH03,SEED-CTOPH03,16,0,16,medium
3ddb9d29-42e8-c7ad-01e5-c75857e51b35,erp,CTOPH04,W106,8f7c3ff0-9e6f-6241-0005-c505c37dd489,CTOPH04,SEED-CTOPH04,14,0,14,medium
cfcf6146-a7d2-eb5e-40be-7cc1b9195277,erp,CTOPH05,W106,eac50b73-bebb-aebd-1888-ba35ae6b8787,CTOPH05,SEED-CTOPH05,15,0,15,medium
8082e409-b768-da83-b494-aa7e963b10fd,erp,CTOPM01,W106,448e26b4-8fef-cfcd-8df0-6ab2f9ed1487,CTOPM01,SEED-CTOPM01,26,0,26,medium
4e61480f-a21e-d7a3-6a42-8c816e490d1a,erp,CTOPW01,W106,d132e6a8-3be1-a761-5ffe-93cade4887ae,CTOPW01,SEED-CTOPW01,28,0,28,medium
16cd0632-2a93-7be4-24cc-a83ad7b64e32,erp,FJAP001,W104,6d271f38-91ef-33f4-2f3c-eca282f6796b,FJAP001,SEED-FJAP001,1591,0,1591,medium
d87c1827-8cd3-3a71-3e9e-c361eee1d20f,erp,FJAP003,W104,478831d3-e7e0-fd68-174b-1079cbe840d4,FJAP003,SEED-FJAP003,783,0,783,medium
752dfcf1-c465-d88b-e52f-ef95c427e4d8,erp,FJAP004,W104,4063e0bd-853d-de79-88af-a954b0ab70ee,FJAP004,SEED-FJAP004,1657,0,1657,medium
f54c924b-1f94-d464-cc04-1e45a0c06f45,erp,FJAP005,W104,3998eba5-200f-598b-4042-89977413d4bc,FJAP005,SEED-FJAP005,698,0,698,medium
484bf40a-0518-c983-1230-cec3fe26b9e5,erp,FJBB002,W104,38728249-3034-605c-e33f-904450a16293,FJBB002,SEED-FJBB002,1372,0,1372,medium
bd7a59c3-6b73-1be7-2fa2-46c1b8fe0a83,erp,FJBBP01,W104,d2a5442d-2864-c7dc-cf93-896f3f77a9b4,FJBBP01,SEED-FJBBP01,54598,0,54598,medium
b825a3de-cfb5-8032-c059-c2555cd987a5,erp,FJBF001,W104,68288530-28c0-5b8d-6468-6a55c4118c70,FJBF001,SEED-FJBF001,3051,0,3051,medium
d171ab14-1df0-b8aa-0546-8ad4365849ca,erp,FJCB001,W104,891f556e-1129-2c1d-5988-83513c694cac,FJCB001,SEED-FJCB001,3364,0,3364,medium
cdc1d0f9-4c35-4073-595b-5ef61531615f,erp,FJCB002,W104,5d802a6b-93e6-f3cb-ad50-23122cc9cb97,FJCB002,SEED-FJCB002,2823,0,2823,medium
8986f142-1cbd-9746-bdf7-bd370eba366e,erp,FJCL001,W104,f403893b-1a8b-a757-5ed8-903059f0196d,FJCL001,SEED-FJCL001,1592,0,1592,medium
a260c002-a981-d354-657a-c299370e6c65,erp,FJCO001,W104,e2c71db7-543d-188a-42d6-a3478fd8797d,FJCO001,SEED-FJCO001,1727,0,1727,medium
b30dd496-df29-0de8-fe5e-de6a8d86a5d6,erp,FJCO002,W104,072f6125-9c58-aad0-ec1a-6bcc6e4b71fc,FJCO002,SEED-FJCO002,1070,0,1070,medium
a9f1620c-a926-b877-09a3-e506089a6102,erp,FJCP001,W104,eae1cc0e-1040-8fc6-8605-bfb85f2fac0d,FJCP001,SEED-FJCP001,4242,0,4242,medium
91ceb550-4b76-6da2-7cfe-9d7196c74228,erp,FJCR003,W104,e69a1139-ca15-4088-b7ff-0350f73e3e29,FJCR003,SEED-FJCR003,375,0,375,medium
4b56d9a3-3c4c-ac45-fb18-21fa4c08f8cd,erp,FJCR004,W104,e1f0d99c-d2cc-9da0-e371-7705387869e3,FJCR004,SEED-FJCR004,2864,0,2864,medium
cd237473-43e2-b2d0-effe-68707190ef31,erp,FJCR005,W104,fe04de92-0c50-c29c-bcab-df7f2bdab8ac,FJCR005,SEED-FJCR005,3279,0,3279,medium
4c96cae3-604c-bbb4-d4df-924627d75f9a,erp,FJCR006,W104,238539a8-f5bc-d758-6cd5-07f94b286489,FJCR006,SEED-FJCR006,1153,0,1153,medium
9cc3d852-c958-0fb5-5dab-d317f0aa3aa5,erp,FJCR007,W104,88b9c04b-2232-c0cd-5669-9710373a84aa,FJCR007,SEED-FJCR007,89,0,89,medium
00000649-e4d7-1d87-3e3b-23ce8711985a,erp,FJCR008,W104,472f43e5-95f1-8062-7cc6-65c7020cb56a,FJCR008,SEED-FJCR008,1100,0,1100,medium
1a6d473c-1cc4-aad1-9f2f-b21dfb6654ca,erp,FJCRM02,W104,ace82d26-3c0e-e13d-e8ba-fba7689cbff3,FJCRM02,SEED-FJCRM02,890,0,890,medium
890a674a-0034-fb1b-5edb-be95708b0040,erp,FJCRM03,W104,87c3ad95-08ca-1fed-50c2-8bb01e07b9d3,FJCRM03,SEED-FJCRM03,52,0,52,medium
73b69f8b-7908-b3d0-29ab-0e064f3effbf,erp,FJCRM04,W104,ae44dd12-039f-8ecd-0993-7f6b0dd1dab6,FJCRM04,SEED-FJCRM04,123,0,123,medium
dde46556-2cb5-78b2-4cba-d8996fa772fa,erp,FJCRM05,W104,28520dd6-3508-45f0-25d7-442bbdd799ec,FJCRM05,SEED-FJCRM05,1335,0,1335,medium
12a4cbde-c9c0-7e40-a18d-70e18e10dfaa,erp,FJCRM06,W104,18661b65-b9dc-6d3b-c7ed-c85eb0070ce7,FJCRM06,SEED-FJCRM06,383,0,383,medium
b9081769-2adc-fae7-00fa-bc1c0f41ff38,erp,FJCRM08,W104,091dbe8e-9e67-cecc-acd6-637a516c8552,FJCRM08,SEED-FJCRM08,5381,0,5381,medium
f99c503d-ebd4-958c-ad75-9fe20985846d,erp,FJCRM09,W104,22b5ce00-209e-b7f3-66cd-e81181050fef,FJCRM09,SEED-FJCRM09,5701,0,5701,medium
1b6a8a9f-04ee-23b2-27c2-49829125ed7c,erp,FJCRT02,W104,8b31a4e2-a2f8-2f2d-8b77-f8fdaecdc2c3,FJCRT02,SEED-FJCRT02,1298,0,1298,medium
0e015275-235d-303c-ca87-9c00455c42cc,erp,FJCW001,W104,fc89e368-8d44-c7ae-dbb7-a4eeedc6f4f8,FJCW001,SEED-FJCW001,1640,0,1640,medium
db776071-c05f-c0ec-dca7-e6c0b0add52c,erp,FJEC001,W104,3e2fb491-30a8-b3bb-c83e-340aedbfb69d,FJEC001,SEED-FJEC001,4525,0,4525,medium
970e2861-4143-55a5-370f-0e4aba135122,erp,FJES001,W104,5322428d-e6c8-a5eb-575b-703093164ece,FJES001,SEED-FJES001,295,0,295,medium
fc94cbba-eff2-db2e-237f-ec06539cfaff,erp,FJEX001,W104,efdcffe1-84de-49ba-5edd-d54c126d8c20,FJEX001,SEED-FJEX001,684,0,684,medium
76d751a9-1119-d8a9-f2d2-6368d87bcf08,erp,FJEX002,W104,8338be82-68ba-f780-0baa-e535dd7ceab6,FJEX002,SEED-FJEX002,812,0,812,medium
ec4cf15d-affe-8fcf-8760-a320d351e101,erp,FJEX003,W104,a9ce9b1d-ec04-2dbf-54d7-72486a775ab4,FJEX003,SEED-FJEX003,3336,0,3336,medium
1bf5255a-c859-2ead-97e5-f4c7ba8e201a,erp,FJFC003,W104,6352baab-63c5-f0b5-6a57-98140dd8b289,FJFC003,SEED-FJFC003,2051,0,2051,medium
e5f82f65-6e1c-9e30-9f81-a3c5c86e02a4,erp,FJFC004,W104,38a4783d-32bb-c8b0-3bac-c9f0ff17c3ba,FJFC004,SEED-FJFC004,2923,0,2923,medium
bd1e8cb5-e09d-24ef-d41a-16de65c9872a,erp,FJFC005,W104,54041952-b535-5e07-8ea1-1d5d250dd1c5,FJFC005,SEED-FJFC005,3396,0,3396,medium
dff6f1f7-dfe3-0ccf-e76f-356bdaa5de34,erp,FJFCPN2,W104,8737830a-9ea8-ab16-f29f-174f2bc67e2f,FJFCPN2,SEED-FJFCPN2,7140,0,7140,medium
12430dfd-7563-7033-a9d7-e89cb7fbdd9c,erp,FJGB001,W104,514294c8-7014-fb8c-080f-b59a1c74be0f,FJGB001,SEED-FJGB001,967,0,967,medium
7cb4d249-d7e0-300f-4668-3feddde7145b,erp,FJGC007,W104,2bd83ffb-1c20-b98c-cdc6-1b8c31e42a64,FJGC007,SEED-FJGC007,246,0,246,medium
c3fc2718-28c5-d634-3da0-28e23db6dd01,erp,FJLM001,W104,8a9cdc41-6048-c927-52a6-a60018088e62,FJLM001,SEED-FJLM001,66,0,66,medium
674142e1-0c3e-194f-8fd8-819227799e22,erp,FJLO001,W104,460f9acb-dda9-6f43-5419-edad1e2c4e15,FJLO001,SEED-FJLO001,1812,0,1812,medium
7f6f6912-fc4a-4b95-8ede-61b04a32f00f,erp,FJMK001,W106,cdce120c-e98d-9550-ea44-e772a66363eb,FJMK001,SEED-FJMK001,19010,0,19010,medium
9490845d-d4b0-e395-ce70-fdae89ec1fbb,erp,FJMK002,W104,f1741583-1b0a-b2a8-4efa-b69d3dc9e49b,FJMK002,SEED-FJMK002,619,0,619,medium
d92acf23-798d-d09b-241a-1bafe25a9cc8,erp,FJMK003,W104,5d647d91-d27d-007e-471f-8252b9fb2f01,FJMK003,SEED-FJMK003,2485,0,2485,medium
44ff7fdd-f45f-fa38-944c-573cf6471805,erp,FJMK004,W104,a4f1f523-56ec-2ad6-3a99-925766a2ab73,FJMK004,SEED-FJMK004,1077,0,1077,medium
bc69b639-dcbe-e2a8-2d41-83cd134bcad0,erp,FJMK005,W104,0adfaed4-935c-174f-c1d6-cd98ffc7e789,FJMK005,SEED-FJMK005,2898,0,2898,medium
d0be05aa-7fd2-8f8a-46cb-ada1d87bb0a9,erp,FJMK006,W104,3a843dd6-8b7c-abec-b5c2-22c0a310ad68,FJMK006,SEED-FJMK006,2465,0,2465,medium
bbd417a6-27e9-6756-2949-196eb42443ba,erp,FJMK007,W104,c61f7aca-f473-9a7f-6b2b-46f89983a0f5,FJMK007,SEED-FJMK007,906,0,906,medium
ec581a99-7525-e526-f73c-1040009b06c8,erp,FJMK008,W104,93d1f5db-9e54-25a4-fb26-e874522e9049,FJMK008,SEED-FJMK008,3616,0,3616,medium
51519179-6d4e-1975-9001-a8b80a18fbeb,erp,FJMT001,W104,df95c7e4-d133-f9e7-e050-77cbee7e77b2,FJMT001,SEED-FJMT001,2871,0,2871,medium
5e46931b-1f11-58f1-e1a9-47be6bfb4316,erp,FJMT002,W104,17496c88-9833-923e-cab5-78aff123abc8,FJMT002,SEED-FJMT002,2884,0,2884,medium
c9f88a0e-b8cd-5ce0-3c04-1a408941aa80,erp,FJOF001,W104,5dfd473d-f922-7e87-02bc-d5563af652e7,FJOF001,SEED-FJOF001,3823,0,3823,medium
4dc6e0fe-23bf-6ee1-3ee7-fad308656904,erp,FJOF002,W104,41cf3eec-42c7-c186-6632-987cb7ec11c6,FJOF002,SEED-FJOF002,3184,0,3184,medium
d853819f-a6a4-3e9a-4822-28ed7a746ce5,erp,FJOFM02,W104,12c06423-4fee-ef28-10d0-50a19f17a557,FJOFM02,SEED-FJOFM02,5145,0,5145,medium
0e5805e5-801c-6cfe-4143-94d577b04589,erp,FJPD001,W104,bd1adf25-d25b-b145-5fe6-c56590c94080,FJPD001,SEED-FJPD001,2414,0,2414,medium
05cecba6-6888-da10-7b95-f01a609a5fa1,erp,FJPDR01,W104,d5abc173-c1bd-8ebc-0560-8887e894c6b6,FJPDR01,SEED-FJPDR01,1897,0,1897,medium
dd81e85f-824b-09f7-1114-05830ffbc948,erp,FJPGM02,W104,1ec8a742-97b1-ba54-bdf4-83243dc78087,FJPGM02,SEED-FJPGM02,9987,0,9987,medium
b7a9b54d-be6c-04b0-1146-85b877a969d0,erp,FJPK001,W104,20a4cd60-5bef-4d41-d203-3cbc21b9b7b4,FJPK001,SEED-FJPK001,909,0,909,medium
829e4475-0090-ebc8-658f-8332f1640222,erp,FJPW000,W104,e43c8f1d-34a6-e1b0-e18b-7ea7ee129a26,FJPW000,SEED-FJPW000,4406,0,4406,medium
15e033ac-39bb-1b00-73bb-2c26f5043bb3,erp,FJPW001,W104,52421068-876f-cb03-fb39-a9f425a9557a,FJPW001,SEED-FJPW001,133,0,133,medium
48353d83-5130-64a1-aee7-30c3c9cda576,erp,FJPWK00,W104,cba054d5-5831-535c-6c3a-3df2b1c68330,FJPWK00,SEED-FJPWK00,2917,0,2917,medium
c81adbeb-02d1-eb6f-103c-0142e1f123f9,erp,FJRB001,W106,22a29b89-d202-d6e1-ee5a-9cf035005e37,FJRB001,SEED-FJRB001,12,0,12,medium
3a124b72-559e-bb13-a72a-79e7750b6de6,erp,FJRB002,W106,434a33bc-4033-e7b7-c068-0b56ee3a2d1a,FJRB002,SEED-FJRB002,14,0,14,medium
1ee9e33c-d160-f492-1561-b53edfaf6c43,erp,FJSC003,W106,feb8844e-258a-8624-a070-d63e2b185817,FJSC003,SEED-FJSC003,6372,0,6372,medium
ac40bb51-72f5-5c7a-0d52-834aeab1a869,erp,FJSL001,W104,d91c2747-3eff-6979-5b3e-be030523efd2,FJSL001,SEED-FJSL001,99,0,99,medium
d5b8666e-6cbb-5aab-10d6-253325c7bb87,erp,FJSL002,W104,5676271a-a7bf-cae9-6638-9fb464469153,FJSL002,SEED-FJSL002,1819,0,1819,medium
c202ca56-65ae-35ff-9094-fcc8454e7d3a,erp,FJSL003,W104,cd788643-2785-2319-5ba1-427fa33e6df1,FJSL003,SEED-FJSL003,1690,0,1690,medium
2ff9f906-4a59-8392-bdcc-34c52be8ca38,erp,FJSL004,W104,d3ae84cd-73c9-3185-4d73-fd828e90d5d7,FJSL004,SEED-FJSL004,3141,0,3141,medium
c772bb07-bc76-d291-75b9-63a331996689,erp,FJSL006,W104,d66dd5b6-6498-eab9-cf39-02014156e784,FJSL006,SEED-FJSL006,3396,0,3396,medium
def7eb6f-2607-6b5d-61ad-c9f4342d3281,erp,FJSL007,W104,ba21a85b-3707-a334-5a9a-8ba1b002d0c7,FJSL007,SEED-FJSL007,2985,0,2985,medium
9918713a-7dad-918c-19fe-2988db69c34e,erp,FJSL008,W104,c95d5ec4-d886-293a-0691-332e25dff7ae,FJSL008,SEED-FJSL008,1857,0,1857,medium
02803b87-3039-97fb-659d-603ecdceb990,erp,FJSLM08,W104,706459cd-0980-9f7c-6512-fa510cb1795e,FJSLM08,SEED-FJSLM08,5212,0,5212,medium
a5993ac1-2b5e-0abd-0cd6-b2e422daa450,erp,FJSM001,W104,4c6078bd-31c1-a3cf-2411-0cbf8244ea0b,FJSM001,SEED-FJSM001,5718,0,5718,medium
a533151a-6f54-aebd-7fa9-6ff23b772e12,erp,FJST000,W106,9007228d-6734-e847-053a-21187fc8bd45,FJST000,SEED-FJST000,1000,0,1000,medium
f4d0b972-f3f1-bf54-d093-78f83503ae6b,erp,FJWE001,W104,31729bed-47b4-7470-b8f2-4c17d45ecb9c,FJWE001,SEED-FJWE001,2530,0,2530,medium
34931465-ed4a-7618-dfba-661edb8faaeb,erp,FJWEM01,W104,32227bbd-0bdb-bce6-b240-34b5c7bed10b,FJWEM01,SEED-FJWEM01,5782,0,5782,medium
97705109-a57b-1f05-198c-30f9ab8ff91d,erp,FJXX3T1,W104,61fa7be2-d2ae-fc9f-0c14-659bfeba873f,FJXX3T1,SEED-FJXX3T1,446,0,446,medium
8ecd968c-0a51-1e80-28d8-a941eb3689e0,erp,HCBC001,W104,549f9823-6a9f-300b-c2c9-a9f23e13091f,HCBC001,SEED-HCBC001,1000,0,1000,medium
327eb919-2a2b-91ba-6d45-6c8943f5cc62,erp,HCHW001,W104,22730847-92a8-0999-15cd-7d3209832f97,HCHW001,SEED-HCHW001,1000,0,1000,medium
6f538772-c249-bc49-c936-23d62640239e,erp,HFHW001,W104,8bb9d946-3bfd-1cc1-53a1-a84fd5bfc587,HFHW001,SEED-HFHW001,990,0,990,medium
c669a7ec-e8ad-ba84-837e-c27e4f0ac1a6,erp,HFHW002,W104,fcc90851-4f8e-b2d3-d3ac-82329c2c0294,HFHW002,SEED-HFHW002,1370,0,1370,medium
5e9f4a78-63ac-fde6-b2a9-1bb44e3f31e0,erp,HFHW003,W104,dd59f23a-d9eb-0380-1abe-85e48b7d79b2,HFHW003,SEED-HFHW003,946,0,946,medium
03218672-08e6-0295-1eae-1f95f5edfed2,erp,ILMT001,W104,e80e4ec1-11f0-76f9-9234-fe3669df884e,ILMT001,SEED-ILMT001,87,0,87,medium
bd685153-7656-09ae-411b-e4d2d5084050,erp,ILMT002,W104,d15d6366-c5c9-827c-6258-a11b90d30146,ILMT002,SEED-ILMT002,85,0,85,medium
e689f4e9-3f08-e67d-5f8b-d6aec93772b1,erp,ILMT005,W104,65c358fb-4645-10f8-142b-a53a7f7d61e5,ILMT005,SEED-ILMT005,2990,0,2990,medium
c3c61c04-f7aa-9d70-9832-d079a71443a5,erp,ILWS001,W104,7251aece-7a83-daed-b55f-5e6031cd1aa5,ILWS001,SEED-ILWS001,3000,0,3000,medium
0a377166-8a92-10cf-58d3-60894a3bc462,erp,ILWS004,W104,67c36c06-a116-2378-59d9-2583cfb16734,ILWS004,SEED-ILWS004,3,0,3,medium
305ffd30-3bf8-3b22-2c8d-a0e83ef5cf4b,erp,ILWS007,W104,f6942bfa-a0dc-7ee4-e80b-a55d13c65d14,ILWS007,SEED-ILWS007,3003,0,3003,medium
36fd2cb4-2d21-5311-b764-25b744deffc1,erp,JOPK001,W104,4349b583-c9e1-f53a-31a8-50b2878d99cb,JOPK001,SEED-JOPK001,11,0,11,medium
ccf40d03-4b06-2175-1a33-73317d55562c,erp,JOPK003,W104,2f372dfe-66ec-9ecb-78fe-0df53b0ae970,JOPK003,SEED-JOPK003,56,0,56,medium
85c9f8bc-acc2-41cb-9f41-65e30210b7c5,erp,JOPK005,W104,e6177bfe-af99-d8fd-4b36-c48c9f9be0d8,JOPK005,SEED-JOPK005,2,0,2,medium
f20003fe-6015-13fa-355d-63693595a4b7,erp,KBBC001,W104,fc879e2f-48fe-5600-a123-11407bd14f3b,KBBC001,SEED-KBBC001,435,0,435,medium
22d93e15-f24f-e9ec-9651-0abc43f8bc6c,erp,KBBC002,W104,1864af87-d48b-fe3c-b519-c732b4862c2e,KBBC002,SEED-KBBC002,533,0,533,medium
d72a5a7a-c1e6-c37a-ada7-929168bb99be,erp,KBBC003,W104,ee9422f5-a0b1-3ffc-ece7-f6d981a757c0,KBBC003,SEED-KBBC003,570,0,570,medium
4bd077c2-e077-ee92-c8aa-6b57e1e57e98,erp,KBBC004,W104,27d657e0-51d3-a868-0255-6c8d23445860,KBBC004,SEED-KBBC004,566,0,566,medium
ae474dd7-aa6f-d06c-dcc6-89a200ab5ff6,erp,KBCR001,W104,087aff55-7413-744c-a691-718c2e31baf2,KBCR001,SEED-KBCR001,1032,0,1032,medium
ea28348b-d358-69fc-3458-d3f2a43bd6d6,erp,KBCR002,W104,9865b377-10ed-a7ee-33ab-5489fc051eec,KBCR002,SEED-KBCR002,999,0,999,medium
771e8e1d-f497-da26-ccb1-5a7510c66bfa,erp,KBCR003,W104,6a545eea-c7e6-87fb-73cc-3fd269b0dba3,KBCR003,SEED-KBCR003,226,0,226,medium
74e6684a-58a5-98e1-6eed-1af42d37e1b1,erp,KBCR004,W104,96981680-df60-cae0-5d56-965c58938d07,KBCR004,SEED-KBCR004,3321,0,3321,medium
bb8b3960-d68f-edf4-88d9-874135644135,erp,KBCR005,W104,1ee4acb0-9ff1-5698-9424-a1bf852be55d,KBCR005,SEED-KBCR005,2253,0,2253,medium
b2d8a8ac-e630-516e-3a4b-e423a396be4f,erp,KBCR007,W104,f7a33876-407d-1c94-86e0-399d13dcfa6b,KBCR007,SEED-KBCR007,714,0,714,medium
ab10dad4-d511-ab7e-9ac1-6df531636c7a,erp,KBCR008,W104,2287fc41-b899-067b-c712-ad764e6e5a41,KBCR008,SEED-KBCR008,1365,0,1365,medium
9631fb76-f614-e6a0-90f1-49487eaac76f,erp,KBHC001,W104,08290031-a9f7-9b1a-c506-da48329a14ae,KBHC001,SEED-KBHC001,22,0,22,medium
73c21618-c587-560b-d457-f0669e139914,erp,KBHC002,W104,9f7516a9-491a-0cfc-28c9-b97d2a62c0a3,KBHC002,SEED-KBHC002,1898,0,1898,medium
0d9dbc2d-4617-ea0e-1b1b-8c60cc2312da,erp,KBHC003,W104,16f6f55a-88f6-c378-8a4d-b0266ba4eeab,KBHC003,SEED-KBHC003,50,0,50,medium
235118b6-9514-f84a-5cb4-2bc972a5df18,erp,KBHC005,W104,fd54b186-e8e5-7a35-b29b-b3805e51913d,KBHC005,SEED-KBHC005,360,0,360,medium
5e890533-936c-a9a3-54a3-08b046dcfb60,erp,KBHC006,W104,89619a84-79dd-dc2d-3bea-925b9a151fed,KBHC006,SEED-KBHC006,1384,0,1384,medium
f83e9d45-8d7d-1f78-5004-9b6e33a54b98,erp,KBHC007,W104,706774aa-f194-8f7c-02f8-c6bc17881944,KBHC007,SEED-KBHC007,2339,0,2339,medium
6c44fcb4-f376-bb50-c826-dd8d021cf816,erp,KBHC008,W104,a8349aa2-afb6-66e1-04f4-a4a70af1f7c3,KBHC008,SEED-KBHC008,2018,0,2018,medium
eed04458-6c74-9c6d-6b66-3a3229526015,erp,KBHC010,W104,a75cfb34-02b2-742b-2804-2bbd05708b6f,KBHC010,SEED-KBHC010,5007,0,5007,medium
2c507d31-8011-3640-8cf4-5b67bd194ffc,erp,KBHC011,W104,007caa02-cd60-347b-480d-9fade4e542d5,KBHC011,SEED-KBHC011,2134,0,2134,medium
67fd62dd-3fe4-b13c-4c44-e31894a597fb,erp,KBHC012,W104,3da638e0-8e2d-64f4-3171-18f22c7c1119,KBHC012,SEED-KBHC012,1496,0,1496,medium
4b7925d5-8394-401e-4ca6-84c4693050a5,erp,KBHC013,W104,266e92cc-a920-e937-8bc4-d426b6cf70a7,KBHC013,SEED-KBHC013,722,0,722,medium
ae6dc505-260e-6162-5254-5d39f37577e0,erp,KBHC3T1,W104,6e484943-f438-0c58-4328-7ac78e35113b,KBHC3T1,SEED-KBHC3T1,13,0,13,medium
ad1709a2-acf9-f701-230c-b9bb0e8761b7,erp,KBOW001,W104,f7253814-b50d-0525-a490-845242f01bf0,KBOW001,SEED-KBOW001,446,0,446,medium
854cb183-8440-cb97-2779-b3f535465619,erp,KBOW002,W104,3853d8db-5cda-5f94-729d-f1501d8c53cb,KBOW002,SEED-KBOW002,292,0,292,medium
5d3f71ac-7f74-112a-7f6f-bc569f63d6cf,erp,KBOW003,W104,873a438f-b01a-b8db-ea3f-737a0e895cb2,KBOW003,SEED-KBOW003,410,0,410,medium
ecdb23d5-bc07-dfd1-39ca-2661769f73ed,erp,KBOW004,W104,05d4f6e5-5a0b-f3c9-d5a8-e4c3a1d5d349,KBOW004,SEED-KBOW004,305,0,305,medium
5fdb94c3-aa58-bdb6-26ec-b8c7cddd7bc7,erp,KBOW005,W104,d0250ffd-67e3-660c-2fe9-6e765e8303b1,KBOW005,SEED-KBOW005,244,0,244,medium
6265c3e7-24d7-0462-41a5-d2124990f0f9,erp,KSCL000,W104,41ab1a75-11f6-5877-9953-086c94ba78d2,KSCL000,SEED-KSCL000,592,0,592,medium
03da9bf4-7c74-76bc-3eb0-b59358057f34,erp,KSCS000,W104,d89b87ba-c736-8ebc-6700-47bae29e98e6,KSCS000,SEED-KSCS000,1198,0,1198,medium
63617e4e-c315-c648-c64b-3b76c156aea7,erp,KSMXM2T,W104,385c12ac-6900-0c04-2a80-3ead3e291c73,KSMXM2T,SEED-KSMXM2T,21,0,21,medium
ba03ae68-1115-d31b-f165-06c2343555d0,erp,KSMXN2T,W104,3ad49fed-0265-5ab0-5d9f-da9ba8722e5b,KSMXN2T,SEED-KSMXN2T,1,0,1,medium
71bd7153-1efe-bf02-30be-345ebce9fd57,erp,KSXX2T1,W104,83e750b0-8b5b-dd4c-4d8e-590c37e79c6e,KSXX2T1,SEED-KSXX2T1,697,0,697,medium
de651c4b-4f7c-9ff0-0527-95ad2135b365,erp,MLBC016,W104,a524c635-d26d-adf5-b878-3b0124deb9e1,MLBC016,SEED-MLBC016,15,0,15,medium
fb15eaa5-8c50-523b-b405-9eddbc8d73ad,erp,MLBL007,W104,439802bc-0d8a-2136-fe64-16805797df17,MLBL007,SEED-MLBL007,179,0,179,medium
05d6a0c6-a023-9ebf-e10c-f2be0480851a,erp,MLBL008,W104,d542095e-f9f1-bd52-f042-801ad100dee1,MLBL008,SEED-MLBL008,10,0,10,medium
f7caed4d-43e1-a629-3ab8-779d6c6afdee,erp,MLBL009,W104,7908fb6d-c4ba-c957-3347-1ceb235944f1,MLBL009,SEED-MLBL009,176,0,176,medium
eeded046-b112-02b5-de4a-99084084ff8b,erp,MLBL010,W104,41f0297a-4abe-7d0d-021e-ff87bf3bc924,MLBL010,SEED-MLBL010,30,0,30,medium
837ea012-4bf0-9d7e-1984-80c516262bf5,erp,MLBM002,W104,e0eb1c4b-8b09-d275-8a32-175722c69a3b,MLBM002,SEED-MLBM002,13,0,13,medium
0371e043-b88e-8402-900b-7e69520cb9f4,erp,MLBM004,W104,d8b68b95-42da-4ae5-5f28-d57d40fa7192,MLBM004,SEED-MLBM004,44,0,44,medium
58ec4bf6-a0c0-fde1-d4a2-92af5ea41f26,erp,MLDFT28,W104,9073cce1-d6ef-8187-b6e0-ed735e8b12bf,MLDFT28,SEED-MLDFT28,113,0,113,medium
c08e512d-7fb8-eada-9163-4913a00051ff,erp,MLDFT30,W104,f04ea3d3-345e-dd6f-4cc1-49567caa94d9,MLDFT30,SEED-MLDFT30,18,0,18,medium
278c2cde-5250-f83d-f375-b48459fdc440,erp,MLDM027,W104,ef92b2a1-2244-cd24-3a95-4c75bc8a527a,MLDM027,SEED-MLDM027,109,0,109,medium
bccf45bc-6988-0d1e-f448-9478ce5851a8,erp,MLDM032,W104,6a6296e4-c85d-ea1b-ff58-5f0cd9b485a1,MLDM032,SEED-MLDM032,1402,0,1402,medium
5fc140b4-b9a2-9ac3-01c5-a834baed2b34,erp,MLDM033,W104,021b1206-3ad9-8f90-7601-1b251b185ecd,MLDM033,SEED-MLDM033,1396,0,1396,medium
24a02374-628a-0766-c878-90891b721306,erp,MLDM034,W104,1bcf5500-2a32-c894-ed36-bc18a1f0151d,MLDM034,SEED-MLDM034,613,0,613,medium
d18917ba-41be-0552-55b0-9a25517433e7,erp,MLDM035,W104,1788a884-3f0c-f05e-bb64-7d2e7340d6db,MLDM035,SEED-MLDM035,722,0,722,medium
d3b022ce-f920-7170-fa5a-292f56786e95,erp,MLDM036,W104,433e6167-83cb-5f87-5905-3d7f72c0a1ba,MLDM036,SEED-MLDM036,1320,0,1320,medium
539254b0-87eb-c4a9-770b-da2f0ffb4735,erp,MLDMA08,W104,24002ae2-f191-bbcd-1dfe-ecb610a6dfee,MLDMA08,SEED-MLDMA08,110,0,110,medium
4b49e0a5-5b71-377e-0e56-80939b65c272,erp,MLDMA21,W104,c63decf4-e3be-9b62-89aa-920bd76aeb84,MLDMA21,SEED-MLDMA21,65,0,65,medium
d9c33bc0-7dd3-bfeb-e78f-23062d27fb80,erp,MLDMB01,W104,3957d29d-373b-5a36-6d9a-687bd3d7b133,MLDMB01,SEED-MLDMB01,1201,0,1201,medium
98a0ae69-1373-ac66-c999-ae5221af70e2,erp,MLDMB02,W104,71d8ff70-2287-7086-3485-6aafc52afcdc,MLDMB02,SEED-MLDMB02,847,0,847,medium
b2da9ee8-00a9-b98e-1b26-a11a27729c0c,erp,MLDMB06,W104,ae0fcc57-b505-8ce9-dd57-ffb47aeee0fa,MLDMB06,SEED-MLDMB06,13,0,13,medium
df1f745a-a98f-a793-a45d-ea47ace59878,erp,MLDMB08,W104,8e8b0d8e-6b81-ffaf-b93f-9eb03bf97b6a,MLDMB08,SEED-MLDMB08,4,0,4,medium
9455ea5b-d761-88ff-4991-86c17cc64e93,erp,MLDMB09,W104,b44a19b0-595d-b0a9-f221-3856e19402a0,MLDMB09,SEED-MLDMB09,278,0,278,medium
15783adb-19a1-9c28-9989-4e0d49faedc3,erp,MLDMB10,W104,114c02aa-34e0-646f-3384-ec221c45fc99,MLDMB10,SEED-MLDMB10,1085,0,1085,medium
f646be0f-a862-5c0b-5003-d1d612defa43,erp,MLDMB26,W104,17e447d2-4874-f91b-1a56-35c0d6320532,MLDMB26,SEED-MLDMB26,148,0,148,medium
113e6aa2-1ea0-f233-4b1a-9f3e51be720f,erp,MLDMT32,W104,9d8e07c2-4e9f-c5b3-08a3-977b98fa9cd3,MLDMT32,SEED-MLDMT32,218,0,218,medium
1e27bf14-3c7e-ed90-0259-ded50f4a3568,erp,MLDMT33,W104,de09a8d0-8550-56fe-2c9d-b6e4159cac96,MLDMT33,SEED-MLDMT33,196,0,196,medium
be69cb21-703f-77d0-d682-753b876b036a,erp,MLDMT36,W104,724d6b87-e03f-df0b-db31-370d3dae4715,MLDMT36,SEED-MLDMT36,158,0,158,medium
246b6677-e3ad-6fdb-76c9-f550c5664310,erp,MLHC006,W104,ceeb6b37-3db9-80ae-9a42-c53fcbd12efc,MLHC006,SEED-MLHC006,539,0,539,medium
ef6d2a92-ab87-bd00-a9b0-23e4f78d4723,erp,MLHC007,W104,47027e6b-0db1-106b-c4a3-44037220ab6b,MLHC007,SEED-MLHC007,537,0,537,medium
e43f7eb5-acea-efd3-957d-8f1deecdbf60,erp,MLHC008,W104,ed5a0699-6fb2-b562-14e5-da14014925aa,MLHC008,SEED-MLHC008,503,0,503,medium
457b6a94-2e4f-278d-4088-f7a117147aef,erp,MLHC009,W104,0cba9db9-3f22-5a2d-76bf-23b5355370ae,MLHC009,SEED-MLHC009,463,0,463,medium
4c517721-f4f5-467f-573c-478f2f3b9965,erp,MLHC014,W104,b4b4316d-27bc-3eda-ef31-2229a60318f1,MLHC014,SEED-MLHC014,680,0,680,medium
fa903e90-4874-9520-eed7-da68ddf94dd5,erp,MLHC015,W104,aae05e0a-58c4-e31f-6b30-ada6e641b277,MLHC015,SEED-MLHC015,570,0,570,medium
bc4b7690-dec3-b7b9-36fd-5f0c8cd9ae1e,erp,MLHC016,W104,d6e345e4-ebc0-21d7-10ff-a2b1bcfd5c83,MLHC016,SEED-MLHC016,518,0,518,medium
f35aebaf-d24b-f88f-1128-679f68f6be7a,erp,MLHC017,W104,2bde38e3-1147-ce1d-7327-f6bee4802d84,MLHC017,SEED-MLHC017,240,0,240,medium
95308c94-def8-95c1-2bd3-13ba21abc9d7,erp,MLHD001,W104,022e1a98-1b8d-1dce-64d2-5e39007a3a3e,MLHD001,SEED-MLHD001,1664,0,1664,medium
2431341c-a804-ecc6-cb12-0970723849ea,erp,MLHD002,W104,9b89949b-1b2c-250a-36aa-583b4aa50bb5,MLHD002,SEED-MLHD002,1629,0,1629,medium
7f5b73a6-0bd4-0e06-a448-9a7d74e1841d,erp,MLHD003,W104,bb7ab2a1-47c6-ab7b-40b9-67bcfc44e4b0,MLHD003,SEED-MLHD003,1684,0,1684,medium
d2a0cd29-e68b-788e-c905-2a261b1bff50,erp,MLHW001,W104,8bb6248c-1c26-0624-8050-cf00f10777c3,MLHW001,SEED-MLHW001,763,0,763,medium
8a20e7f1-67fb-6ea6-00f6-b861c9257d0e,erp,MLHW002,W104,57cd816d-fc20-e715-73ea-b3a90d6bff19,MLHW002,SEED-MLHW002,1078,0,1078,medium
73928fcf-6d0b-90dc-8108-f835e858e10f,erp,MLHW003,W104,0bbb99dc-1d7e-4764-a6f1-1f0c8e43c140,MLHW003,SEED-MLHW003,2201,0,2201,medium
bcb295b8-0ccc-4263-76d2-9bc76f5637bc,erp,MLHW004,W104,2b459019-7227-8e19-d5b7-21d21825535b,MLHW004,SEED-MLHW004,1026,0,1026,medium
c89e15b9-91b0-6442-9d66-8d8a80b09dd4,erp,MLPF001,W104,c24e05d1-ca08-9825-fc2e-02deaff44a31,MLPF001,SEED-MLPF001,144,0,144,medium
563fdade-bb87-38c9-8a93-90dade397aa8,erp,MLPF004,W104,7d1552df-5b7b-6917-b5c4-e98e61310820,MLPF004,SEED-MLPF004,545,0,545,medium
c6dfe71d-0571-171b-3fe6-bb80d8410499,erp,MLPF006,W104,53651d4a-f73c-6d4d-caef-8dfefddc46a7,MLPF006,SEED-MLPF006,515,0,515,medium
e72e1051-22ed-acfc-19cf-9c1ef87fc591,erp,MLPF007,W104,3665ebca-0df4-4645-97d3-225ff7b31610,MLPF007,SEED-MLPF007,856,0,856,medium
a58ef0d0-c1d8-76c6-4664-8c60f0e26a8c,erp,MLPF008,W104,fa3eece8-e6d1-063a-b78c-68b5d84daf11,MLPF008,SEED-MLPF008,795,0,795,medium
214a7f6a-401f-1b4e-4fd9-ead0de5efdb9,erp,MLPF009,W104,1773a69c-85c5-b439-f2a5-5e0a766dc1e8,MLPF009,SEED-MLPF009,776,0,776,medium
74d0fe7c-4676-76c0-3fa5-204b1a18fa6f,erp,MLPG002,W104,9f12d9d8-78d0-83e8-1193-4cd3e34ced54,MLPG002,SEED-MLPG002,13,0,13,medium
a74788cd-52e8-2210-ee2a-a736f00fb4ee,erp,MLPG003,W104,0e4a2395-8f1b-1745-cb0b-974be892d951,MLPG003,SEED-MLPG003,82,0,82,medium
a1b70234-24b6-75fc-a77a-262ab136c244,erp,MLPG004,W104,ed114a53-173b-3242-2ed6-a731b53d1658,MLPG004,SEED-MLPG004,164,0,164,medium
8bcd920c-0b8f-73fa-a331-18274dce83c7,erp,MLPG005,W104,ec74df66-d2c5-810b-8fdc-3fc4c6aa1f7e,MLPG005,SEED-MLPG005,2811,0,2811,medium
49daee71-07b0-12b3-ddb4-056e3300548e,erp,MLRB001,W106,5d4dacbe-87c1-4034-c718-3b5104f179a5,MLRB001,SEED-MLRB001,2894,0,2894,medium
47def23e-7fd5-2d67-e231-e98d0dfc23b9,erp,MLRS005,W104,12877eae-114e-6083-96ef-a48ba5365081,MLRS005,SEED-MLRS005,3,0,3,medium
c25f762e-774a-4e50-f991-b3f2e91f7bb8,erp,MLSP005,W104,b8548348-9a11-7930-fc37-953625c3153a,MLSP005,SEED-MLSP005,2,0,2,medium
37bc8a56-fc47-7f77-ea66-7728ce34609c,erp,NPBC001,W104,b095ff3d-392a-62c0-b4db-2c467ce01627,NPBC001,SEED-NPBC001,1433,0,1433,medium
1cfc5b46-b6b4-e968-f180-f2f03aebe29d,erp,NPBC002,W104,26c6938c-e2cf-e9ef-e2b3-662f47603379,NPBC002,SEED-NPBC002,1228,0,1228,medium
7f7448b8-9b69-9ac0-85a6-3ebbd9153f96,erp,NPBC003,W104,0a9ec6e2-56a8-24b0-1d42-1afc8cad76e2,NPBC003,SEED-NPBC003,1234,0,1234,medium
77e66b57-ccc3-4e79-90f8-f8ce4c25983c,erp,NPBC004,W104,58858af9-729d-a4a2-8318-6b11243b7426,NPBC004,SEED-NPBC004,1259,0,1259,medium
a95ea8d6-1928-714e-ccc8-743f66215f9a,erp,NPBC005,W104,240af0ce-8126-2bcb-0f8b-faa6148c1e2b,NPBC005,SEED-NPBC005,903,0,903,medium
84cf75e5-e605-04cd-a78d-a11fea122320,erp,NPBC006,W104,276637e1-1a0c-afd0-472c-69c1f5f5a3f0,NPBC006,SEED-NPBC006,1358,0,1358,medium
0f705334-f5f5-d2fc-dc5c-3c7119e1a836,erp,NPBC007,W104,982a37b0-0fc5-29db-8c44-9d2148eb01e8,NPBC007,SEED-NPBC007,1191,0,1191,medium
18f87f2a-cfc6-ed75-3258-5838df0f5506,erp,NPBC008,W104,41e6be27-195d-ca93-77b7-229c4b358c4f,NPBC008,SEED-NPBC008,780,0,780,medium
c5cf64c9-a68c-6076-abb9-db34f37af4ef,erp,NPBC009,W104,7d3bbc0b-8c7c-f2bf-1a04-8f1e42c8e847,NPBC009,SEED-NPBC009,1810,0,1810,medium
ad96fc34-a037-6c66-4b7c-caf91191a3ea,erp,NPBCT03,W104,797a02b0-db1a-978b-58fc-75391bad2d10,NPBCT03,SEED-NPBCT03,1204,0,1204,medium
6d984c52-ef23-22a9-f65d-bded88716cec,erp,PDBC001,W104,9d1246ca-d808-aaed-a5ac-1f23b4c3d1eb,PDBC001,SEED-PDBC001,1905,0,1905,medium
d7e5167d-d3d5-0b22-0e49-b81d9a65bcc1,erp,PDBC002,W104,12f40f8f-f157-da4b-6550-7b5c938f0fdf,PDBC002,SEED-PDBC002,1223,0,1223,medium
ef9b9111-c94e-3de0-8b5d-dd8e4e63c9ab,erp,PDBC003,W104,c8d7b323-a620-3155-4642-08ce3f84b998,PDBC003,SEED-PDBC003,1102,0,1102,medium
a8b57588-ec24-c080-95e6-3f1bc776c443,erp,PDBC004,W104,dfd8f1b4-3d87-fda0-e9a1-1012498e7515,PDBC004,SEED-PDBC004,2163,0,2163,medium
1c5fa54d-df37-50ee-c0be-265228338579,erp,PDBL001,W104,20c8cad3-2831-94a6-a188-a6c153a76b14,PDBL001,SEED-PDBL001,1030,0,1030,medium
3721e276-77e9-292d-be88-bccc1ee23cd5,erp,PDCGT01,W106,e0dbd266-8dc9-d1cc-8aef-cc16c41b2304,PDCGT01,SEED-PDCGT01,718,0,718,medium
e36c3ce2-e1c6-dc75-93ad-c14af8e598b8,erp,PDFC001,W104,994801ed-81dd-87aa-e25a-00749deed927,PDFC001,SEED-PDFC001,173,0,173,medium
13c72eee-4295-9814-105f-15c725c5468f,erp,PDHM001,W104,5da1e907-8d48-3132-dd93-2a14336dba61,PDHM001,SEED-PDHM001,474,0,474,medium
0f24a687-66b8-ce6b-3820-9e46b6947661,erp,PDHM002,W104,5dd97591-bfb5-17db-fa79-9232336b1e97,PDHM002,SEED-PDHM002,666,0,666,medium
afc84cd1-7ee3-91ce-60b5-460dc5dcc0fe,erp,PDHM003,W104,26f47caa-69c4-a2ba-d007-2f499e06faf5,PDHM003,SEED-PDHM003,382,0,382,medium
f6609464-6d9b-7838-2510-923f1d30e07f,erp,PDHS001,W104,d3d7d01b-4de6-953a-83b5-761ceaee9c8d,PDHS001,SEED-PDHS001,537,0,537,medium
2a28b0bb-aa27-270d-3d5c-bdca88cb7f6a,erp,PDHS002,W104,b6ed427a-769a-e200-e836-a948ddce0af6,PDHS002,SEED-PDHS002,228,0,228,medium
352f39ea-9c1e-9802-1602-0f0cf4693050,erp,PDHS003,W104,07b9d9e6-b609-5288-44c1-f47c9bafcd4b,PDHS003,SEED-PDHS003,273,0,273,medium
3eb04a9d-3a53-b1f3-4568-96f688bee51f,erp,PDHS004,W104,521ddd5b-526a-21cb-7ade-dfcf747de046,PDHS004,SEED-PDHS004,1596,0,1596,medium
7241fabd-be4e-cb52-fa75-df9d3a788a7a,erp,PDHS005,W104,8b45d14b-829e-a73b-b40c-e236f2e5285b,PDHS005,SEED-PDHS005,446,0,446,medium
bf31db30-b1c9-6649-6048-e51fb0b6c76f,erp,PDIR000,W104,309270de-8bf2-b696-8c45-f4a02d7ffba7,PDIR000,SEED-PDIR000,2908,0,2908,medium
09076dda-66fb-48c2-2968-884524f9fd69,erp,PDIR001,W104,a87a9608-e12d-1762-5760-f2db2c73adc8,PDIR001,SEED-PDIR001,1547,0,1547,medium
158d91b6-1d25-b629-4540-bf1d7f6c5a92,erp,PDIR002,W104,1fde8afc-b22f-a4c4-d4de-956eadd3c72e,PDIR002,SEED-PDIR002,2565,0,2565,medium
bca5b1ca-7470-9e6d-cad8-7680fd4e8094,erp,PDIR003,W104,31060335-67e1-c6eb-0264-31518693ea05,PDIR003,SEED-PDIR003,1712,0,1712,medium
2bb460d5-6288-d577-8737-89ffcac6b367,erp,PDIR004,W104,79e0a376-9ffd-117a-5f02-15ed28ca2e09,PDIR004,SEED-PDIR004,2245,0,2245,medium
3056dccb-524a-b944-113a-fbab2317be41,erp,PDIR005,W104,cf49221b-0f0d-7927-c619-3cf5d5c74c1b,PDIR005,SEED-PDIR005,1970,0,1970,medium
6fe38ae9-ae66-e35d-4052-7a8b43cc3cf6,erp,PDIR006,W104,1625aed1-36d0-c840-ae4b-66d93260c680,PDIR006,SEED-PDIR006,1349,0,1349,medium
2ee12e03-2167-b14b-b1c4-ea20c58a0119,erp,PDIR007,W104,d2a6c929-6be7-3163-7f66-3ae49783692c,PDIR007,SEED-PDIR007,1390,0,1390,medium
9fe4ef38-3ae0-fb1e-274d-321914fa958f,erp,PDIR008,W104,27f0a40f-b165-5b73-4846-2ba1ec167c0b,PDIR008,SEED-PDIR008,3715,0,3715,medium
8f87fe40-9b29-e130-60f8-a41986023720,erp,PDIR009,W104,0955304c-c143-3c42-a8fc-2e16a1841c7a,PDIR009,SEED-PDIR009,3363,0,3363,medium
cd7deec8-8c6d-4b9e-5857-8922f00a970a,erp,PDIR010,W104,4e491e91-4f0f-3697-8078-d6e950cc7eb3,PDIR010,SEED-PDIR010,2156,0,2156,medium
08892820-c5cc-a072-7b03-00ecdf41d1a4,erp,PDIR011,W104,78645ae0-880a-c01a-6b9f-7bc1844be74d,PDIR011,SEED-PDIR011,2760,0,2760,medium
d27cec14-8a71-4d11-2939-7adfa6335aa4,erp,PDIR012,W104,c90f3332-5dfb-81d6-8709-abe50686b258,PDIR012,SEED-PDIR012,2825,0,2825,medium
960b9b2b-a317-3753-c4fd-732f953d868e,erp,PDRS001,W104,795ad616-0847-4d81-162e-f26051ffe8fd,PDRS001,SEED-PDRS001,1507,0,1507,medium
f9bfc9a0-b041-37f1-c32a-99faf679f3d4,erp,PDRS003,W104,316912a1-1f20-104a-236d-51ac63d884d1,PDRS003,SEED-PDRS003,817,0,817,medium
b2ed7f2c-a66e-050b-2da9-b8af79a0c3ea,erp,PDRS004,W104,265a7a4c-b484-9a7f-005a-37660e84fc60,PDRS004,SEED-PDRS004,1362,0,1362,medium
ba673a62-e616-ae1f-8f16-d599bdc7b676,erp,PDRS006,W104,3d6c72bf-a295-9619-0984-2d80ca8f3ea2,PDRS006,SEED-PDRS006,1522,0,1522,medium
80089b83-3dc7-5b90-faf6-c132323e55b5,erp,PDRSM04,W104,e474e116-2cd6-d2a3-2655-c728bed26d14,PDRSM04,SEED-PDRSM04,371,0,371,medium
4ba34849-8642-5f17-20f2-d28391ca26e3,erp,PDRST04,W104,59728ffc-c616-b7f2-75d3-b0b4eeccfd4b,PDRST04,SEED-PDRST04,1796,0,1796,medium
c2f8112b-1361-0359-2ecc-22a34f0a423b,erp,PDSP003,W104,b4783915-5a45-50b4-fc37-1ac1a0b9f34a,PDSP003,SEED-PDSP003,2516,0,2516,medium
dad5aeb3-d23b-0c55-76db-98a8835b26ac,erp,PDSP005,W104,2ec68096-90ac-5207-bd41-5e95f5467c18,PDSP005,SEED-PDSP005,480,0,480,medium
4c8a3b1d-2e11-cf9d-727d-b864adbb2fd0,erp,PDSP006,W104,787b997d-2dd9-9502-dbc3-62f40696787f,PDSP006,SEED-PDSP006,5,0,5,medium
bba6d6fb-c313-c420-08e5-59a207507fab,erp,PDSP009,W104,00d307df-b649-18db-2322-b966241ad3ec,PDSP009,SEED-PDSP009,562,0,562,medium
7aa7dac5-5099-cf7d-1dad-1203ec4b7511,erp,PDSPM05,W104,a2924d3c-1495-9142-d1aa-01ec0f35a86f,PDSPM05,SEED-PDSPM05,1676,0,1676,medium
94b031bb-3c28-7f1f-1519-53e990183251,erp,PDSPM06,W104,baca83d1-9d34-fcbf-39fb-c67362c9231a,PDSPM06,SEED-PDSPM06,914,0,914,medium
4c167b6b-1c3a-3182-2518-54c57a20dfd5,erp,PDSPM09,W104,184472df-ca91-9bcd-e361-a9bab04d67cf,PDSPM09,SEED-PDSPM09,1895,0,1895,medium
d7be68ac-0545-fe31-6430-fdd218517d5b,erp,PDSPT06,W104,34e0b0b2-cc93-856e-9776-58312449a952,PDSPT06,SEED-PDSPT06,50,0,50,medium
f0f50ca7-3843-322d-795a-dfa431c91ab8,erp,PTBCP01,W104,01edebf7-6257-250d-d536-a3cca0028fcb,PTBCP01,SEED-PTBCP01,8467,0,8467,medium
407da1a5-8d54-2e8d-cd95-7cc033d9dd2c,erp,PTBLP01,W104,ed646ac4-fbd0-6733-926b-072f68132d94,PTBLP01,SEED-PTBLP01,6283,0,6283,medium
402514fa-1146-15ee-9dae-ceacfe7c99e4,erp,PTFC001,W104,09b2ff43-aa02-f13d-2c72-5aa8db86a041,PTFC001,SEED-PTFC001,2079,0,2079,medium
bcf2b9a9-857b-6fc7-a115-401b05b10b07,erp,PTPW001,W104,50cf3a6f-103c-370d-53d5-4a434e841476,PTPW001,SEED-PTPW001,84,0,84,medium
b16c6cd5-0ac3-7626-db2c-d5d7075ad2fd,erp,RABD2T1,W104,9182da3c-65e7-1340-25aa-6f2f937be3a4,RABD2T1,SEED-RABD2T1,581,0,581,medium
1dd234f3-7f07-7f49-47d5-2f3e41ad99c8,erp,RMBL001,W104,f7a3bf8b-3fa8-4e8a-e7ef-59bc1d21b861,RMBL001,SEED-RMBL001,1372,0,1372,medium
b699e243-6351-ad48-007f-43f07dce91c5,erp,RMBL002,W104,d2415e74-f833-ed05-985f-6d8e58391795,RMBL002,SEED-RMBL002,1118,0,1118,medium
9ce1eb2d-2715-2d9e-d88b-a5b7e89a83e1,erp,RMBL003,W104,04f570cc-f619-8b25-c553-d87341ecb1a8,RMBL003,SEED-RMBL003,1166,0,1166,medium
565c493c-96fa-77db-3d2c-62c7bafa8a6f,erp,RMBL004,W104,cc81b99d-ab5e-31fe-ddeb-48ef1cb17163,RMBL004,SEED-RMBL004,1156,0,1156,medium
5a7ddf72-3694-85db-3ee9-2f6c9ba75510,erp,RMBL006,W104,9144ed13-6360-c758-e903-181240a9f69e,RMBL006,SEED-RMBL006,1224,0,1224,medium
79eb1fca-5720-aebb-b536-61abe2922938,erp,RMBL007,W104,6f88ec01-342a-5b72-00de-f7796202f2b7,RMBL007,SEED-RMBL007,21,0,21,medium
1b77b3b8-f489-e98b-e786-82a2885afb60,erp,RMBL014,W104,26e97eef-b68e-eb14-cddf-8fa4e25a2ec0,RMBL014,SEED-RMBL014,438,0,438,medium
31f2e54b-80d3-3972-ffbe-253b5e5af5c7,erp,RMBLP03,W104,8bfef0bf-97a2-4ca5-478f-9fbcf06bf623,RMBLP03,SEED-RMBLP03,8864,0,8864,medium
0a47bca5-da33-8c97-a30e-96f5f956351f,erp,RMBLP21,W104,76f589ff-e89e-22e6-7faf-fba3433116bb,RMBLP21,SEED-RMBLP21,10789,0,10789,medium
49b10407-837b-0b15-261d-8c638d155c18,erp,RMHC001,W104,47ec4c81-2f2f-6aff-e178-c0045d093bea,RMHC001,SEED-RMHC001,4828,0,4828,medium
90f2c3ce-576c-7fcf-740c-345f45745e0b,erp,RMHC002,W104,26a246d8-3212-1a36-5483-4818d7a71c86,RMHC002,SEED-RMHC002,5728,0,5728,medium
d538dc84-4ab8-3854-30d1-f050900f30c1,erp,RMHC003,W104,0bbd4929-7f8f-e3a8-54a7-4b919f665295,RMHC003,SEED-RMHC003,3286,0,3286,medium
6f8f89f4-5be6-42f8-f018-5bf25c660dd6,erp,RMHC007,W104,48347633-f308-e141-4dcd-d92d3dce6a0b,RMHC007,SEED-RMHC007,5304,0,5304,medium
385a50a4-8dd5-b124-3e8d-92f750fc45ae,erp,RMHC008,W104,b974f778-685d-8d89-6e95-de295ffb1e87,RMHC008,SEED-RMHC008,5391,0,5391,medium
4e1b09c6-437e-9b1b-bf01-0b63b95cf170,erp,RMHC015,W104,9b7d4ad7-0436-6b19-5873-07c9b0dde19d,RMHC015,SEED-RMHC015,2905,0,2905,medium
6a42bdca-062d-3d04-eaab-6638dda4a0bc,erp,RMHC016,W104,b4ac637b-de10-db93-f23c-1bcc1ac1526a,RMHC016,SEED-RMHC016,3041,0,3041,medium
8416c6a6-1232-683e-79ff-34d1af8d3635,erp,RMHC017,W104,42ccf54c-e6a3-e53d-6fc2-d48967fc4a54,RMHC017,SEED-RMHC017,6694,0,6694,medium
083d967f-8f77-dca5-3523-2586cb730fc9,erp,RMHC018,W104,f13b9168-db74-f0f2-c772-b9af8db088bd,RMHC018,SEED-RMHC018,4193,0,4193,medium
4ab59f3f-c4cb-e7ef-f86d-9c1ce98d1661,erp,RMHC019,W104,eaf230cd-d6c3-c52a-d113-94c123f04bc5,RMHC019,SEED-RMHC019,3515,0,3515,medium
a6ed1ed4-7356-63b5-8431-eaa52cdc188d,erp,RMOP000,W104,9f707b3b-7389-f1d4-6ffc-e74737987549,RMOP000,SEED-RMOP000,1681,0,1681,medium
457f6abf-dc68-d709-01cf-67a2c346944a,erp,RMSC002,W104,85510ccd-b956-91d8-b429-a8048a1411cf,RMSC002,SEED-RMSC002,2105,0,2105,medium
5d8d02c0-eeba-3857-f32c-35eaa8f3b521,erp,RMSC003,W104,3695edca-a9df-7fb6-8ad3-7071ac1d3e53,RMSC003,SEED-RMSC003,2345,0,2345,medium
aaba4a4e-e6b2-53d5-e160-80fde01298ec,erp,RMSC004,W104,cac3deda-4a5c-c49f-c87b-59598673cefc,RMSC004,SEED-RMSC004,2410,0,2410,medium
f9963902-9ca6-214b-9ff9-90a2532a75cd,erp,RMSCN10,W104,289b77d2-731e-f98b-2930-94cc264e6883,RMSCN10,SEED-RMSCN10,5519,0,5519,medium
3003be5a-cbf9-067f-87e8-3dae2156464e,erp,RMXX4T1,W104,159fd956-6844-5c67-63a3-54befae93d19,RMXX4T1,SEED-RMXX4T1,2249,0,2249,medium
2e0c2a29-9725-3be3-0a50-d21490704ef0,erp,RPBC001,W104,4d62817b-44de-716d-7fa4-e53c35244225,RPBC001,SEED-RPBC001,799,0,799,medium
8254ef26-57ab-bcb4-2429-7787e14a1b3e,erp,RPBC002,W104,8abfbaba-f9e0-9681-f53f-1e770b10d162,RPBC002,SEED-RPBC002,1326,0,1326,medium
bb44df9a-09d0-65c8-6e6c-7624d1ebe74b,erp,RPBC003,W104,59544bc3-3c1f-9d4e-c32f-496b47b614b7,RPBC003,SEED-RPBC003,1628,0,1628,medium
f424e68e-d5aa-f4de-4006-a6d5757649a9,erp,RPBC004,W104,ac1fdde4-edfc-46c8-084e-f3388888ae85,RPBC004,SEED-RPBC004,1136,0,1136,medium
6bbe9efa-3271-f2a8-b2bb-8cadcf0d79a1,erp,RPBC006,W104,3733615a-3b1b-ab79-2f62-bc06601ad73c,RPBC006,SEED-RPBC006,697,0,697,medium
42b2a025-8051-89b4-89cc-c63e1f480ae7,erp,RPBC008,W104,a4defe1f-8d50-f8f9-40e2-14c9c6da9637,RPBC008,SEED-RPBC008,876,0,876,medium
0ce361c3-98df-6e19-0b3f-2033f78befa0,erp,RRBL001,W104,89fc6c99-ce79-abf7-14a9-ff7de7f99843,RRBL001,SEED-RRBL001,2900,0,2900,medium
994d2f04-8d9e-7b04-5bca-f73adb4683c8,erp,RRBL002,W104,8e4eae85-797d-0f6f-a916-3f1a66ba4e49,RRBL002,SEED-RRBL002,1808,0,1808,medium
a9dd79b0-424a-fe97-ed7c-951f26fa1f5a,erp,RRBM001,W104,2d4efbf7-85ab-281b-dca0-5079982e7acc,RRBM001,SEED-RRBM001,2498,0,2498,medium
d2304aba-eb88-3dce-85d5-2c7d5855778a,erp,RRBM002,W104,c475d3f1-61c8-4284-8b30-ef8f9bad41ba,RRBM002,SEED-RRBM002,2832,0,2832,medium
59f9dbb5-ff62-e73d-adf1-a995d75a42d2,erp,RRBM004,W104,899c3838-61ee-6312-681b-584e621a2ab9,RRBM004,SEED-RRBM004,3793,0,3793,medium
7fe8a17a-f3f0-fc92-008e-c806240f99ca,erp,RRBM006,W104,eb989d4e-ffed-1f22-ca60-135d5cc676db,RRBM006,SEED-RRBM006,3529,0,3529,medium
8ccc6f7e-8f12-7a64-7c4f-0e880403166e,erp,RRBM010,W104,2d127e4c-ff23-c162-944e-09b4c3fa425b,RRBM010,SEED-RRBM010,3426,0,3426,medium
08b8e1a6-38a0-f9a1-7c5d-c5a7a47f3480,erp,RRBM011,W104,86a80a00-8adc-eb0b-9f41-a18af683cf3b,RRBM011,SEED-RRBM011,3942,0,3942,medium
96d14674-b737-e9ea-c5dc-73d95d0fc213,erp,RRBM012,W104,bc1d7600-a736-2b3d-7a93-e2dace706bb6,RRBM012,SEED-RRBM012,3872,0,3872,medium
1363c317-b721-966b-69e0-624279993845,erp,RRBM013,W104,e28c71e9-c784-7cdb-61bc-293cb27f6009,RRBM013,SEED-RRBM013,3626,0,3626,medium
0dcec6c4-ffb9-2730-2621-fff8b96ed74c,erp,RRPM001,W104,dfb2cb60-2c63-4f98-29ce-f1b3c9f6b79f,RRPM001,SEED-RRPM001,189,0,189,medium
1d636887-00ac-d031-0b34-99deb38976db,erp,RRPM002,W104,a1120d6d-c895-25b3-16dc-1475e1f44ddc,RRPM002,SEED-RRPM002,21,0,21,medium
f2981586-3581-0ecf-0d55-60169a2ad9f4,erp,RRPM003,W104,7025bf96-f408-439e-8707-73bbd334776e,RRPM003,SEED-RRPM003,25,0,25,medium
c98a2283-ae6b-0740-f8d2-5f41099650c7,erp,RSCO000,W104,ea508526-69da-7e05-a366-f55bba27285a,RSCO000,SEED-RSCO000,231,0,231,medium
4ece7618-3cc3-6602-3987-bf1dcc0a57e0,erp,RSCO001,W104,02f0654b-ec08-159e-ac9f-373e16936eb7,RSCO001,SEED-RSCO001,80,0,80,medium
3126922a-32f5-eb42-86a8-2c05e124de02,erp,RSCO002,W104,2b38c908-8932-efa2-e349-1d8f50a49127,RSCO002,SEED-RSCO002,665,0,665,medium
68012c83-13ca-bdcf-7437-4ff18437c484,erp,RSEX000,W104,8fd6f568-4c55-2f77-0ffb-7337ee6ae32f,RSEX000,SEED-RSEX000,60,0,60,medium
09baba5e-e321-c35e-46a5-4c89946957c0,erp,SBMPN02,W104,158a3fc1-e19c-8016-691b-97aa8e57b44a,SBMPN02,SEED-SBMPN02,4,0,4,medium
123dbcdb-067d-3276-91d0-91c749f6f7e8,erp,SBMPR02,W104,35dc52eb-02a3-ddd8-9206-67a7a6abd617,SBMPR02,SEED-SBMPR02,1926,0,1926,medium
a24924da-d352-88cc-8a8f-669d23df52da,erp,SBMPR03,W104,7a6aba43-309c-1b1d-60df-1a17b4730113,SBMPR03,SEED-SBMPR03,1329,0,1329,medium
5773b08b-05cd-5484-02e3-83441a28a87a,erp,SBMPR05,W104,6158e3cd-583f-7b65-a450-5d47e371b21b,SBMPR05,SEED-SBMPR05,1318,0,1318,medium
77c66dc4-588f-9622-dd13-26c4824cca9c,erp,SBMPR07,W104,3222ddd4-9fbc-ea6c-0ccb-ac750a5fc868,SBMPR07,SEED-SBMPR07,2532,0,2532,medium
69015a93-4e1e-0818-1ffb-fd4d5bb65a03,erp,SCB-0657,W106,1d9018be-d054-aa98-4c0b-28e6eebc46e7,SCB-0657,SEED-SCB-0657,10000,0,10000,medium
10a3a034-65de-3ad2-1297-8309b31725a1,erp,SCC-0017,W106,92908035-6351-ec1e-4a7e-2e7f664a61bc,SCC-0017,SEED-SCC-0017,100,0,100,medium
fb686d18-d16d-b764-2fa8-fe6961e80a4f,erp,SCC-0263,W106,b9140f88-8573-1232-a1a9-4acc2de3944e,SCC-0263,SEED-SCC-0263,5000,0,5000,medium
b949f07a-30f3-4299-8248-8c519c1f609c,erp,SCD0001,W106,76fd46ea-40af-5f8f-84d2-869e071cee3b,SCD0001,SEED-SCD0001,217,0,217,medium
f1f22c3f-8b8b-2f75-b334-fea8797e9abd,erp,SKMHC01,W106,8fedb326-ebe5-6137-25ce-a0ba0795a3aa,SKMHC01,SEED-SKMHC01,790,0,790,medium
a851e4f5-5218-8b2a-66d2-1e93ef600998,erp,SOB-6600,W106,e8035d4f-17d3-dacf-cc80-e68087f88da1,SOB-6600,SEED-SOB-6600,5000,0,5000,medium
72748fce-5ce7-2192-03b1-917fb2f74ef0,erp,SOB-9401,W106,0605181f-f42e-d47b-90fe-1bdf3fb3e504,SOB-9401,SEED-SOB-9401,10000,0,10000,medium
4303207b-7fd6-614d-9f6d-1fff2525b3a3,erp,SOBKN01,W106,b87c99ad-9c0d-a69b-f52d-01beaadb7f46,SOBKN01,SEED-SOBKN01,75,0,75,medium
99d0a22c-d579-aaed-ed01-8caef6e36611,erp,SOBKN02,W106,4d47af1c-ec4a-8753-e23d-3788a4a7d885,SOBKN02,SEED-SOBKN02,187,0,187,medium
b7eaf9e7-52c0-e8b3-7954-22ca80a4fbbf,erp,SOBKN04,W106,4ab2b793-88c0-a673-b372-fe2a337288ff,SOBKN04,SEED-SOBKN04,283,0,283,medium
a9420c2f-9ca1-0eff-5149-da3af30130d9,erp,SOBKN06,W106,d10c1497-6c89-d3c5-42b4-b02c4ae76820,SOBKN06,SEED-SOBKN06,485,0,485,medium
9f875e40-628c-d351-6aba-d80f9151918d,erp,SOFCP00,W104,d8cf985d-ac75-9784-5dfe-9c1378a4c636,SOFCP00,SEED-SOFCP00,9630,0,9630,medium
fba00dbf-bf6d-1438-e03f-5bd304f3c631,erp,SSBCB00,W106,3e32f434-21cb-3ef5-882a-af2e80e861af,SSBCB00,SEED-SSBCB00,1029,0,1029,medium
e08a5980-13ed-aa5d-30ba-4d78331d908f,erp,SSC-0780,W106,2033f91a-f3cf-e90b-75e7-624e331e1722,SSC-0780,SEED-SSC-0780,5000,0,5000,medium
469ec9ca-1622-2624-a95d-b7665289f352,erp,SSC-0928,W106,6948527f-a9c9-f07a-5396-64b9470830ef,SSC-0928,SEED-SSC-0928,10000,0,10000,medium
efedc65e-7533-07f7-fd6d-c060e5beca9e,erp,SSE-9411,W106,00daa45d-2a17-6f7e-83f0-411eb759c669,SSE-9411,SEED-SSE-9411,10000,0,10000,medium
4052c33a-9c4c-7659-8298-853ff4be8413,erp,SSHS000,W106,1621019c-5307-6014-f434-be21f0ab48f0,SSHS000,SEED-SSHS000,1231,0,1231,medium
4ae437e5-6d0d-4e5c-36d0-93971cf4dd3f,erp,SWMGT00,W106,71a86e9f-57a9-b376-5db6-0517447c9a06,SWMGT00,SEED-SWMGT00,831,0,831,medium
2df922ff-f9d6-dd2b-6e55-2c6beedb7f9d,erp,SWMHG00,W106,b2395002-7f81-af6a-0c2b-d07888a66c64,SWMHG00,SEED-SWMHG00,438,0,438,medium
94b5116e-58be-c15f-0559-1311f1ca5841,erp,SXA-5402,W106,1bcdfdd4-4cc3-d60c-3a53-430d81c79c27,SXA-5402,SEED-SXA-5402,500,0,500,medium
a5cab085-ef5e-aaec-a9a8-eaf12aa9e49f,erp,SXA-9400,W106,6475f48d-d0e0-6305-218f-9f4aa2910ac6,SXA-9400,SEED-SXA-9400,500,0,500,medium
672feb22-0995-3968-69c1-0d9f7e7f3f70,erp,SXC-5400,W106,429b3b0d-acf5-1122-d4b9-0c202bf19afa,SXC-5400,SEED-SXC-5400,1000,0,1000,medium
c8679f20-6dfc-5575-4bce-fa233ea1a2c9,erp,SZA-0023,W106,478f4a10-ad5a-1b6e-063d-01e43fe62422,SZA-0023,SEED-SZA-0023,425,0,425,medium
fd1cf8b5-c471-980c-69f5-553af035d7ae,erp,TOAP001,W104,48094aab-25d5-6d25-d4cc-8e66b4e31202,TOAP001,SEED-TOAP001,311,0,311,medium
875632cc-764e-5b44-bad0-b444a54ba630,erp,TOAP002,W104,a2085629-9435-f404-bd81-3fcd7744bbff,TOAP002,SEED-TOAP002,826,0,826,medium
f45241fc-9328-1e15-6107-4d1e99ea26c3,erp,TOAP003,W104,ad75894d-2a9d-d8d7-7080-d76bc1621a89,TOAP003,SEED-TOAP003,292,0,292,medium
87a4b56f-bdad-82fa-aae5-61f0599cf116,erp,VMHS001,W104,b8697087-5395-49be-fa60-fe735531724d,VMHS001,SEED-VMHS001,55,0,55,medium
b55e38a7-c5e0-f8d0-2e55-9168e07e6c21,erp,VMHS005,W104,9db9a464-15c0-6d81-253e-d928e489c69f,VMHS005,SEED-VMHS005,63,0,63,medium
7c07f503-c2c4-8a88-a2a6-6617be0bc9d5,erp,VMRS004,W104,e34b5c83-048d-f900-1729-0edc3b18e2fe,VMRS004,SEED-VMRS004,11,0,11,medium
f4cbbfc1-6c51-bc5a-bbdd-ce8597118a41,erp,VMRS005,W104,3ec2da28-a418-8605-cb79-abe588cd7278,VMRS005,SEED-VMRS005,541,0,541,medium
c7899db0-83aa-dafa-f384-3388c320a645,erp,VMRS007,W104,a8649452-2aba-ca45-5eec-9e4c4b0c7ed4,VMRS007,SEED-VMRS007,12,0,12,medium
5dd8091f-f7db-325e-1d88-aefa32753e88,erp,VMRS008,W104,f4514628-c0c3-a0bc-2835-b0d61b1a8e27,VMRS008,SEED-VMRS008,1440,0,1440,medium
43964873-cc1d-6c23-13c3-9c9bacd06c7d,erp,VMRS009,W104,9f916115-34b1-4294-bcad-7fa582ac4a0c,VMRS009,SEED-VMRS009,485,0,485,medium
606da406-7a1d-8bf2-8bfa-8fb975ecf19e,erp,VMRSM04,W104,a93b1116-237e-1a49-1170-1d23fc4b1729,VMRSM04,SEED-VMRSM04,80,0,80,medium
a9992159-1b25-a278-f00f-f7a6bc5a7821,erp,VMRSM07,W104,c4ad8d23-8c53-8a77-c462-29771c23020c,VMRSM07,SEED-VMRSM07,1787,0,1787,medium
bef23509-ae83-6456-a270-1edd931933b2,erp,VMRSM08,W104,78aae01b-9393-db0d-7702-a4eecb19ecf9,VMRSM08,SEED-VMRSM08,17,0,17,medium
b1514bc2-8b0a-567a-ae47-399de19f5983,erp,VMRSM09,W104,e64e01d9-21f7-a893-acd7-804cd9e61ba7,VMRSM09,SEED-VMRSM09,528,0,528,medium
16fa7402-0cdd-9129-47a0-968e02f62fb4,erp,VMRSP05,W104,08cbeea1-0fb3-0698-8355-d553d02e6d01,VMRSP05,SEED-VMRSP05,1091,0,1091,medium
c3fcabcf-a2dd-d5c3-272e-51680504df5b,erp,VMSP004,W104,ceb8fa69-fa72-89dd-beeb-1501f9aaa0fa,VMSP004,SEED-VMSP004,1,0,1,medium
5e552882-9a31-65b8-d09e-fb52b24b714c,erp,VMSP005,W104,ece8ebd8-93b4-e707-8a33-a40d7c6bc96f,VMSP005,SEED-VMSP005,1094,0,1094,medium
ee1bac9d-1a17-d3d2-7ff7-ec56d3d1685e,erp,VMSP006,W104,d778717c-efa1-a48f-5032-f931ab581380,VMSP006,SEED-VMSP006,824,0,824,medium
922ed07b-0f60-4eef-2833-0f97ef56543c,erp,VMSP009,W104,9d7e8727-1367-94ec-43c9-4c8533adaa91,VMSP009,SEED-VMSP009,182,0,182,medium
2175e921-19a1-0a70-a1d2-5c0a53ac4d86,erp,VMSP012,W106,b51aa589-d011-bc73-1e35-68d41e70e80b,VMSP012,SEED-VMSP012,13,0,13,medium
3c09e1a8-efcd-8a7b-fd6a-881a35b01313,erp,VMSP013,W106,0c9a76bb-0126-393e-1c73-23132b735a3c,VMSP013,SEED-VMSP013,8,0,8,medium
dd6f1376-273a-c337-ca16-5b7adec485b7,erp,VMSP014,W104,b1573d0a-fcde-761d-c9ab-cc5811392b50,VMSP014,SEED-VMSP014,2525,0,2525,medium
0a74fe2f-3bea-face-cf19-b4acc4b45be7,erp,VMSPC04,W104,22cf5873-b3d8-b74e-6a72-0ac68a600f3c,VMSPC04,SEED-VMSPC04,101,0,101,medium
717fdd1d-b80b-9984-c8be-0ffc384ea3de,erp,VMSPM07,W104,0d5f6861-8903-6de1-f048-f462d0398017,VMSPM07,SEED-VMSPM07,1318,0,1318,medium
82dce7b2-3ed6-f9b6-6093-055261b0449e,erp,VMSPM08,W104,8394a125-d4c9-2f39-8f71-2202bb365a86,VMSPM08,SEED-VMSPM08,19,0,19,medium
3a5dc593-f2ef-72c9-16a8-3570b91c1369,erp,VMSPM09,W104,38d69235-1806-71a3-1e2a-bf59fdfcd113,VMSPM09,SEED-VMSPM09,637,0,637,medium
10969d5e-d606-04bb-73c0-948bdf602122,erp,VMSPP06,W104,d703624a-6cdb-59b0-b5ac-b331ff73d032,VMSPP06,SEED-VMSPP06,711,0,711,medium
2475ac4a-f8d4-418d-a5b8-37ee2a83ae3f,erp,VMSPP08,W104,fcff0415-765e-e7ac-825c-e037372d9a2f,VMSPP08,SEED-VMSPP08,688,0,688,medium
9b52d40a-668d-7dc2-a5ed-70b33555f61e,erp,WMAP001,W104,9ea4f97c-25c3-f147-4145-eafb8f5641ad,WMAP001,SEED-WMAP001,86,0,86,medium
028581ce-064f-d305-7ab0-42a51edbd625,erp,WMCR004,W104,47dbf06b-0856-ef1d-831c-ed40aa6642e2,WMCR004,SEED-WMCR004,73,0,73,medium
ea137900-11f6-2e8c-6085-04d0a0e9e9b2,erp,WMFC000,W104,666d48af-cab0-426b-01ca-46874af6ec82,WMFC000,SEED-WMFC000,125,0,125,medium
25e96278-3d22-1c28-82fe-cb05da6c69a8,erp,WMFO001,W104,ca7fb92d-fe12-1326-999b-1212a04b9b65,WMFO001,SEED-WMFO001,64,0,64,medium
81c92e46-9174-df0d-3c47-8c981b3e8e82,erp,WMHM001,W106,8bbb13cf-caa6-8bd0-41ad-3815c5f61e55,WMHM001,SEED-WMHM001,444,0,444,medium
f34a8d34-8e33-e170-6987-108999729b14,erp,WMPK001,W104,a0648b50-2cda-0839-f7fe-677d4eb30895,WMPK001,SEED-WMPK001,7967,0,7967,medium
