product_id,name,spec,bal_qty,warehouse_code,barcode,box_qty
ADML000,"케어미 어르신 전용 고보습 바디로션","케어미 어르신 전용 고보습 바디로션 [1000ml]",5,W104,,1
AJBC002,"케어미 어르신 전용 데오 바디워시","케어미 어르신 전용 데오 바디워시 [1500ml]",3000,W104,,1
AJSP002,"케어미 어르신 전용 아르간 단백질 샴푸&린스","케어미 어르신 전용 아르간 단백질 샴푸&린스 [1500ml]",2000,W104,,1
AOBC000,"샤샤 아르간 오일 바디워시","샤샤 아르간 오일 바디워시 [1500ml]",3425,W104,,1
AOBC001,"샤샤 밀크앤허니 바디워시- 듀이 플로럴","샤샤 밀크앤허니 바디워시- 듀이 플로럴 [1500ml]",483,W104,,1
AOBC002,"샤샤 밀크앤허니 바디워시- 쥬이시 그레이프프룻","샤샤 밀크앤허니 바디워시- 쥬이시 그레이프프룻 [1500ml]",454,W104,,1
AOBC003,"샤샤 밀크앤허니 바디워시- 소프트 머스크","샤샤 밀크앤허니 바디워시- 소프트 머스크 [1500ml]",502,W104,,1
AOBC004,"샤샤 알로에베라 바디워시","샤샤 알로에베라 바디워시 [1500ml]",92,W104,,1
AOBC005,"샤샤 아르간 오일 진저 쿨링 케어 바디워시","샤샤 아르간 오일 진저 쿨링 케어 바디워시 [1000ml]",1801,W104,,1
AOBCM03,"샤샤 밀크앤허니 바디워시- 소프트 머스크","샤샤 밀크앤허니 바디워시- 소프트 머스크 [500ml]",1,W104,,1
AOBL000,"샤샤 아르간 오일 바디로션","샤샤 아르간 오일 바디로션 [1500ml]",2711,W104,,1
AOBL001,"샤샤 밀크앤허니 바디로션- 듀이 플로럴","샤샤 밀크앤허니 바디로션- 듀이 플로럴 [1500ml]",122,W104,,1
AOBL002,"샤샤 밀크앤허니 바디로션- 쥬이시 그레이프프룻","샤샤 밀크앤허니 바디로션- 쥬이시 그레이프프룻 [1500ml]",488,W104,,1
AOBL003,"샤샤 밀크앤허니 바디로션- 소프트 머스크","샤샤 밀크앤허니 바디로션- 소프트 머스크 [1500ml]",247,W104,,1
AOBL004,"샤샤 알로에베라 바디로션","샤샤 알로에베라 바디로션 [1500ml]",759,W104,,1
AOBL005,"샤샤 세라 데오 바디로션","샤샤 세라 데오 바디로션 [1500ml]",1188,W104,,1
AOBLM03,"샤샤 밀크앤허니 바디로션- 소프트 머스크","샤샤 밀크앤허니 바디로션- 소프트 머스크 [500ml]",-318,W104,,1
AOFC001,"샤샤 녹두 시카 클렌징 폼","샤샤 녹두 시카 클렌징 폼 [220 ml]",16501,W104,,1
AOFC002,"샤샤 라이스 크림 클렌징 폼","샤샤 라이스 크림 클렌징 폼 [220 ml]",20671,W104,,1
AOHA001,"샤샤 아르간오일 단백질 헤어 앰플","샤샤 아르간오일 단백질 헤어 앰플 [150ml]",531,W104,,1
AOHA5T1,"샤샤 아르간오일 단백질 헤어 앰플 (세트)",15ml*5개,0,W104,,1
AOHAM01,"샤샤 아르간오일 단백질 헤어 앰플",15ml,0,W104,,1
AOHE001,"샤샤 아르간오일 웨이브 볼륨 에센스","샤샤 아르간오일 웨이브 볼륨 에센스 [250ml]",252,W104,,1
AOHSR00,"샤샤 아르간 오일 헤어 세럼","샤샤 아르간 오일 헤어 세럼 [200ml]",4304,W104,,1
AORS000,"샤샤 아르간 오일 컨디셔너","샤샤 아르간 오일 컨디셔너 [1500ml]",1630,W104,,1
AORS001,"샤샤 아르간오일 어성초 엘피피 프로테인 헤어팩","샤샤 아르간오일 어성초 엘피피 프로테인 헤어팩 [1500 ml]",1060,W104,,1
AORS004,"샤샤 알로에베라 앤 프로폴리스 컨디셔너","샤샤 알로에베라 앤 프로폴리스 컨디셔너 [1500ml]",1149,W104,,1
AORSM00,"샤샤 아르간 오일 컨디셔너","샤샤 아르간 오일 컨디셔너 [500ml]",122,W104,,1
AORST00,"샤샤 아르간 오일 컨디셔너","샤샤 아르간 오일 컨디셔너 [100ml / 튜브]",450,W104,,1
AOSG000,"샤샤 알로에베라 수딩젤","샤샤 알로에베라 수딩젤 [1500ml]",61,W106,,1
AOSP000,"샤샤 아르간 오일 샴푸","샤샤 아르간 오일 샴푸 [1500ml]",4549,W104,,1
AOSP001,"샤샤 아르간오일 어성초 안티헤어로스 샴푸",1500ml,0,W104,,1
AOSP002,"샤샤 아르간오일 진저 쿨링 케어 샴푸","샤샤 아르간오일 진저 쿨링 케어 샴푸 [1000 ml]",2692,W104,,1
AOSP003,"샤샤 아르간 오일 어성초 캡슐 스크럽 샴푸","샤샤 아르간 오일 어성초 캡슐 스크럽 샴푸 [1000 ml]",1513,W104,,1
AOSP004,"샤샤 알로에베라 앤 프로폴리스 샴푸","샤샤 알로에베라 앤 프로폴리스 샴푸 [1500ml]",95,W104,,1
AOSPM00,"샤샤 아르간 오일 샴푸","샤샤 아르간 오일 샴푸 [500ml]",528,W104,,1
AOSPN01,"샤샤 아르간오일 어성초 안티헤어로스 샴푸 뉴","샤샤 아르간오일 어성초 안티헤어로스 샴푸 뉴 [1500ml]",12,W106,,1
AOSPT00,"샤샤 아르간 오일 샴푸","샤샤 아르간 오일 샴푸 [100ml / 튜브]",4800,W104,,1
AOWS000,"샤샤 아르간오일 슈퍼하드 워터 스프레이","샤샤 아르간오일 슈퍼하드 워터 스프레이 [250ml]",736,W104,,1
BBHC001,"바바리라 퍼퓸드 핸드크림- 가든로즈","바바리라 퍼퓸드 핸드크림- 가든로즈 [60ml]",-10,W104,,1
BBHC002,"바바리라 퍼퓸드 핸드크림- 패션프룻","바바리라 퍼퓸드 핸드크림- 패션프룻 [60ml]",-3,W104,,1
BBHC003,"바바리라 퍼퓸드 핸드크림- 쁘띠걸 [60ml]",,0,W104,,1
BBHC011,"바바리라 퍼퓸드 핸드크림- 가든로즈 [60ml / 그림타입튜브]",,0,W104,,1
BBHC012,"바바리라 퍼퓸드 핸드크림- 패션프룻 [60ml / 그림타입튜브]",,0,W104,,1
BBHC013,"바바리라 퍼퓸드 핸드크림- 쁘띠걸 [60ml / 그림타입튜브]",,0,W104,,1
BBHC014,"바바리라 퍼퓸드 핸드크림- 가든로즈","60ml / 실선그림디자인(4차)튜브",0,W104,,1
BBHC015,"바바리라 퍼퓸드 핸드크림- 패션프룻","60ml / 실선그림디자인(4차)튜브",0,W104,,1
BBHC016,"바바리라 퍼퓸드 핸드크림- 쁘띠걸","60ml / 실선그림디자인(4차)튜브",0,W104,,1
BBHC018,"바바리라 퍼퓸드 핸드크림- 패션프룻","바바리라 퍼퓸드 핸드크림- 패션프룻 [60ml / 둥근캡(5차디자인) 튜브]",-35,W104,,1
BBHC019,"바바리라 퍼퓸드 핸드크림- 쁘띠걸","바바리라 퍼퓸드 핸드크림- 쁘띠걸 [60ml / 둥근캡(5차디자인) 튜브]",-35,W104,,1
BBHC020,"바바리라 퍼퓸드 핸드크림- 로즈페탈","바바리라 퍼퓸드 핸드크림- 로즈페탈 [60ml / 둥근캡(2차디자인) 튜브]",-35,W104,,1
BBHC021,"바바리라 퍼퓸드 핸드크림- 헤븐플로랄","바바리라 퍼퓸드 핸드크림- 헤븐플로랄 [60ml / 둥근캡(2차디자인) 튜브]",-35,W104,,1
BBHC022,"바바리라 퍼퓸드 핸드크림- 드림라이크","바바리라 퍼퓸드 핸드크림- 드림라이크 [60ml / 둥근캡(2차디자인) 튜브]",-35,W104,,1
BBHC023,"바바리라 퍼퓸드 핸드크림- 가든로즈","바바리라 퍼퓸드 핸드크림- 가든로즈 [60ml / (6차디자인/그림) 튜브]",43,W104,,1
BBHC024,"바바리라 퍼퓸드 핸드크림- 패션프룻","바바리라 퍼퓸드 핸드크림- 패션프룻 [60ml / (6차디자인/그림) 튜브]",18,W104,,1
BBHC025,"바바리라 퍼퓸드 핸드크림- 쁘띠걸","바바리라 퍼퓸드 핸드크림- 쁘띠걸 [60ml / (6차디자인/그림) 튜브]",-22,W104,,1
BBHC026,"바바리라 퍼퓸드 핸드크림 그레이프 프루츠 힐즈","바바리라 퍼퓸드 핸드크림 그레이프 프루츠 힐즈 [60ml]",-1,W104,,1
BDFC001,"보르도 민트 쿨링 풋 케어 크림",75g,-84,W104,,1
BDFD001,"보르도 민트 쿨링 풋 데오드란트","보르도 민트 쿨링 풋 데오드란트 [80ml (외주충진)]",221,W104,,1
BDFM001,"보르도 드래곤 풋 필링 마스크","보르도 드래곤 풋 필링 마스크",12872,W106,,1
BDFP001,"보르도 풋 파일",,0,W104,,1
BDFP002,"보르도 밸런싱 풋 패드","앞꿈치 풋 패드",0,W104,,1
BDFP003,"보르도 릴렉싱 풋 패드","뒷꿈치 풋 패드",0,W104,,1
BDFS001,"보르도 민트 쿨링 풋 스프레이","보르도 민트 쿨링 풋 스프레이 [150ml]",-14,W104,,1
BDFS002,"보르도 드래곤 풋 필링 스프레이","보르도 드래곤 풋 필링 스프레이 [150ml]",-59,W104,,1
BDFS003,"보르도 드래곤 풋 샴푸",300ml,0,W104,,1
BDFS004,"보르도 드래곤 풋 스틱","보르도 드래곤 풋 스틱 [18g]",1141,W106,,1
BDMK001,"보르도 드래곤 힐 마스크","보르도 드래곤 힐 마스크 [5g*2ea]",-238,W106,,1
BDMK002,"보르도 쿨링 레그 마스크",20g*2ea,0,W104,,1
BPDFR01,"바이마레 블랑쉬 퍼퓸 디퓨져- 퓨어 (리필)",90ml,0,W104,,1
BPHC5T1,"바이마레 컴포지션 퍼퓸 핸드크림 콜렉션 5종 세트",60ml*5,0,W104,,1
BPXX04T,"바이마레 라파숑 드벨르 플뢰르 바디4종 세트",,0,W104,,1
BPXX3T1,"바이마레 라파숑 드벨르 플뢰르 바디3종 세트",,0,W104,,1
BRSCN10,"블루로즈마인 샤워코롱(2011)","블루로즈마인 샤워코롱(2011) [185]",2675,W104,,1
BTBC002,"바스파 아로마 라운지 베르가못 바디워시 [300ml]",,0,W104,,1
BTBC003,"바스파 아로마 라운지 로얄허니 바디워시 [300ml]",,0,W104,,1
BTBC004,"바스파 바쓰 솔트 스크럽 바디워시- 소프트 로지","바스파 바쓰 솔트 스크럽 바디워시- 소프트 로지 [1000 ml]",1964,W104,,1
BTBC005,"바스파 바쓰 솔트 스크럽 바디워시- 컴포트 라벤더","바스파 바쓰 솔트 스크럽 바디워시- 컴포트 라벤더 [1000 ml]",1199,W104,,1
BTBC006,"바스파 바쓰 솔트 스크럽 바디워시- 쏠티 씨","바스파 바쓰 솔트 스크럽 바디워시- 쏠티 씨 [1000 ml]",1230,W104,,1
BTBC007,"바스파 바쓰 솔트 스크럽 바디워시- 코지허그","바스파 바쓰 솔트 스크럽 바디워시- 코지허그 [1000 ml]",1391,W104,,1
BTBC008,"바스파 바쓰 솔트 스크럽 에이씨 바디워시- 퓨어리프","바스파 바쓰 솔트 스크럽 에이씨 바디워시- 퓨어리프 [1000 ml]",895,W104,,1
BTBC009,"바스파 바쓰 솔트 스크럽 바디워시- 차콜","바스파 바쓰 솔트 스크럽 바디워시- 차콜 [1000 ml]",2527,W104,,1
BTBC010,"바스파 바쓰 솔트 스크럽 바디워시- 클리어 팝","바스파 바쓰 솔트 스크럽 바디워시- 클리어 팝 [1000 ml]",1900,W104,,1
BTBCM04,"바스파 바쓰 솔트 스크럽 바디워시- 소프트 로지","바스파 바쓰 솔트 스크럽 바디워시- 소프트 로지 [30ml 튜브]",1776,W104,,1
BTBCM05,"바스파 바쓰 솔트 스크럽 바디워시- 컴포트 라벤더","바스파 바쓰 솔트 스크럽 바디워시- 컴포트 라벤더 [30ml 튜브]",7695,W104,,1
BTBCM09,"바스파 바쓰 솔트 스크럽 바디워시- 차콜","바스파 바쓰 솔트 스크럽 바디워시- 차콜 [30ml 튜브]",2117,W104,,1
BTBL002,"바스파 아로마 라운지 베르가못 바디에멀젼 [300ml]",,0,W104,,1
BTBL003,"바스파 아로마 라운지 로얄허니 바디에멀젼 [300ml]",,0,W104,,1
BTBO001,"바스파 아로마틱 플로우 바디 트리트먼트 오일- 머스크 앰비언스","바스파 아로마틱 플로우 바디 트리트먼트 오일- 머스크 앰비언스 [300 ml]",1311,W104,,1
BTBO002,"바스파 아로마틱 플로우 바디 트리트먼트 오일- 로즈 레베리","바스파 아로마틱 플로우 바디 트리트먼트 오일- 로즈 레베리 [300 ml]",1597,W104,,1
BTBO003,"바스파 아로마틱 플로우 바디 트리트먼트 오일- 넥타 세레니티","바스파 아로마틱 플로우 바디 트리트먼트 오일- 넥타 세레니티 [300 ml]",915,W104,,1
BTBS001,"바스파 오스트레일리안 바쓰 솔트- 소프트 로지","바스파 오스트레일리안 바쓰 솔트- 소프트 로지 [1200g]",572,W106,,1
BTBS002,"바스파 오스트레일리안 바쓰 솔트- 프레쉬 유자","바스파 오스트레일리안 바쓰 솔트- 프레쉬 유자 [1200g]",518,W106,,1
BTBS003,"바스파 오스트레일리안 바쓰 솔트- 쏠티 씨","바스파 오스트레일리안 바쓰 솔트- 쏠티 씨 [1200g]",538,W106,,1
BTBS004,"바스파 오스트레일리안 바쓰 솔트- 컴포트 라벤더","바스파 오스트레일리안 바쓰 솔트- 컴포트 라벤더 [1200g]",278,W106,,1
BTBS005,"바스파 오스트레일리안 바쓰 솔트- 그린 버드","바스파 오스트레일리안 바쓰 솔트- 그린 버드 [1200g]",443,W106,,1
BTCR001,"바스파 텐션케어 쿨 크림","바스파 텐션케어 쿨 크림 [140ml]",-66,W104,,1
BTCR002,"바스파 텐션케어 핫 크림",140ml,0,W104,,1
BTCR003,"바스파 바디 톤 업 크림 미네랄 케어","바스파 바디 톤 업 크림 미네랄 케어 [150ml]",6,W104,,1
BTDM001,"바스파 아로마 라운지 무드 퍼퓸 드레스 미스트- NO.1 코지우드","바스파 아로마 라운지 무드 퍼퓸 드레스 미스트- NO.1 코지우드 [300ml]",1951,W104,,1
BTDM002,"바스파 아로마 라운지 무드 퍼퓸 드레스 미스트 NO.2 오크 베르단트","바스파 아로마 라운지 무드 퍼퓸 드레스 미스트 NO.2 오크 베르단트 [300ml]",2279,W104,,1
BTDM003,"바스파 아로마 라운지 무드 퍼퓸 드레스 미스트 NO.3 루바브","바스파 아로마 라운지 무드 퍼퓸 드레스 미스트 NO.3 루바브 [300ml]",1876,W104,,1
BTDM1T1,"바스파 아로마 라운지 무드 퍼퓸 드레스 미스트 기프트 세트- NO.1 코지우드",300ml본품+50ml공병,0,W104,,1
BTPF001,"바스파 피토 스칼프 퍼퓸- 메이로즈","바스파 피토 스칼프 퍼퓸- 메이로즈 [7ml]",-4,W104,,1
BTPF002,"바스파 피토 스칼프 퍼퓸- 맨블루","바스파 피토 스칼프 퍼퓸- 맨블루 [7ml]",-61,W104,,1
BTPF005,"바스파 피토 스칼프 퍼퓸- 블루밍",7ml,0,W104,,1
BTPP001,"바스파 아로마 라운지 바디필링패드- 블랙베리","바스파 아로마 라운지 바디필링패드- 블랙베리 [20 g]",185,W106,,1
BTSB001,"바스파 오스트레일리안 솔트 버블- 소프트 로지","바스파 오스트레일리안 솔트 버블- 소프트 로지 [500 g]",217,W106,,1
BTSB002,"바스파 오스트레일리안 솔트 버블- 프레쉬 유자","바스파 오스트레일리안 솔트 버블- 프레쉬 유자 [500 g]",145,W106,,1
BTSB003,"바스파 오스트레일리안 솔트 버블- 피치 캄","바스파 오스트레일리안 솔트 버블- 피치 캄 [500 g]",8,W106,,1
BTSB004,"바스파 오스트레일리안 솔트 버블- 컴포트 라벤더","바스파 오스트레일리안 솔트 버블- 컴포트 라벤더 [500 g]",21,W106,,1
BTSB005,"바스파 오스트레일리안 솔트 버블- 밀크 바나나","바스파 오스트레일리안 솔트 버블- 밀크 바나나 [500 g]",-2,W106,,1
BTSM001,"바스파 피토 스칼프 오일컷 미스트","바스파 피토 스칼프 오일컷 미스트 [100ml]",-24,W104,,1
BTSS001,"바스파 오스트레일리안 솔트 바디 스크럽- 컴포트 라벤더","250 ml",0,W104,,1
BTSS002,"바스파 오스트레일리안 솔트 바디 스크럽- 블랙베리","250 ml",0,W104,,1
BTSS003,"바스파 오스트레일리안 솔트 바디 스크럽- 그린티","250 ml",0,W104,,1
BTST2T1,"바스파 아로마 라운지 베르가못 바디세트 (2종)","바스파 아로마 라운지 베르가못 바디세트 (2종) [set]",-5,W104,,1
BTST2T2,"바스파 아로마 라운지 로얄허니 바디세트 (2종)","바스파 아로마 라운지 로얄허니 바디세트 (2종) [set]",-3,W104,,1
BTST4T1,"바스파 플랜트 퓨어 로즈힙 바디세트 (4종)",set,0,W104,,1
CBOT001,"무지 반바지 그레이 프리사이즈 (ZB022GY00)","무지 반바지 그레이 프리사이즈 (ZB022GY00) [그레이,프리사이즈, 밑단 말림]",10,W106,,1
CBOT002,"무지 반바지 블루 프리사이즈 (ZB022BL00)","무지 반바지 블루 프리사이즈 (ZB022BL00) [블루,프리사이즈, 밑단 말림]",9,W106,,1
CBOT0L1,"무지타올 반바지 그레이 L사이즈 (ZB013GY04)","무지타올 반바지 그레이 L사이즈 (ZB013GY04) [그레이,L사이즈]",4,W106,,1
CBOT0L2,"무지타올 반바지 민트 L사이즈 (ZB013BL04)","무지타올 반바지 민트 L사이즈 (ZB013BL04) [민트,L사이즈]",8,W106,,1
CBOT0M1,"무지타올 반바지 그레이 M사이즈 (ZB013GY03)","무지타올 반바지 그레이 M사이즈 (ZB013GY03) [그레이,M사이즈]",6,W106,,1
CBOTFS1,"꽃 쟈가드 반바지 블루 S사이즈 (ZB015BK02)","꽃 쟈가드 반바지 블루 S사이즈 (ZB015BK02) [꽃 쟈가드, 블루, S사이즈]",2,W106,,1
CBOTM01,"남성누비바지 (ZB002BK04)","남성누비바지 (ZB002BK04) [블랙]",26,W106,,1
CBOTPL1,"물나염 쭈리 반바지 오렌지 L사이즈 (ZB014RD04)","물나염 쭈리 반바지 오렌지 L사이즈 (ZB014RD04) [물나염 쭈리, 오렌지, L사이즈]",8,W106,,1
CBOTPL2,"물나염 쭈리 반바지 블루 L사이즈 (ZB014BL04)","물나염 쭈리 반바지 블루 L사이즈 (ZB014BL04) [물나염 쭈리, 블루, L사이즈]",6,W106,,1
CBOTPS2,"물나염 쭈리 반바지 블루 S사이즈 (ZB014BL02)","물나염 쭈리 반바지 블루 S사이즈 (ZB014BL02) [물나염 쭈리, 블루, S사이즈]",4,W106,,1
CBOTW01,"여성누비바지 (ZB002BK02)","여성누비바지 (ZB002BK02) [블랙]",28,W106,,1
CCAB001,"세라클리닉 더마이드 4.0 앰플 밤 프로테인 퀀치","세라클리닉 더마이드 4.0 앰플 밤 프로테인 퀀치 [150 ml]",3606,W104,,1
CCAO001,"세라클리닉 더마이드 4.0 앰플 오일 프로테인 퀀치","세라클리닉 더마이드 4.0 앰플 오일 프로테인 퀀치 [95 ml]",1441,W104,,1
CCAT001,"세라클리닉 더마이드 4.0 앰플 트리트먼트 (노린스) 프로테인 퀀치","200 ml",0,W104,,1
CCATR01,"세라클리닉 더마이드 4.0 앰플 트리트먼트 프로테인 퀀치","세라클리닉 더마이드 4.0 앰플 트리트먼트 프로테인 퀀치 [200 ml]",2609,W104,,1
CCBL001,"세라클리닉 더마이드 4.0 세라마이드 바디로션","세라클리닉 더마이드 4.0 세라마이드 바디로션 [500 ml]",191,W104,,1
CCCC001,"세라클리닉 더마이드4.0 컬링 크림 프로테인 퀀치","세라클리닉 더마이드4.0 컬링 크림 프로테인 퀀치 [150ml]",2060,W104,,1
CCCR001,"세라클리닉 더마이드 4.0 인텐시브 크림","세라클리닉 더마이드 4.0 인텐시브 크림 [120ml]",-30,W104,,1
CCCRM01,"세라클리닉 더마이드 4.0 인텐시브 크림","세라클리닉 더마이드 4.0 인텐시브 크림 [50ml]",-2862,W104,,1
CCHP001,"세라클리닉 더마이드 4.0 헤어팩 프로테인 퀀치","세라클리닉 더마이드 4.0 헤어팩 프로테인 퀀치 [250ml]",4543,W104,,1
CCHPB01,"세라클리닉 더마이드 4.0 헤어팩 프로테인 퀀치","세라클리닉 더마이드 4.0 헤어팩 프로테인 퀀치 [600ml]",1759,W104,,1
CCHPM01,"세라클리닉 더마이드 4.0 헤어팩 프로테인 퀀치","세라클리닉 더마이드 4.0 헤어팩 프로테인 퀀치 [30ml 튜브]",888,W104,,1
CCHR2T1,"세라클리닉 더마이드4.0 안티헤어로스 케어 세트 그린클렌즈",1000mL*2,0,W104,,1
CCHW001,"세라클리닉 보태니컬 핸드솝- 로즈오브예리코","세라클리닉 보태니컬 핸드솝- 로즈오브예리코 [300ml]",-44,W104,,1
CCHW002,"세라클리닉 보태니컬 핸드솝- 포레스트 워크","세라클리닉 보태니컬 핸드솝- 포레스트 워크 [300ml]",-99,W104,,1
CCHW2T1,"세라클리닉 보태니컬 핸드케어 & 마스크 세트","세라클리닉 보태니컬 핸드케어 & 마스크 세트 [핸드워시 300ml*2 + 마스크10매]",-1,W104,,1
CCRS001,"세라클리닉 더마이드 4.0 보태니컬 트리트먼트 플루이드","세라클리닉 더마이드 4.0 보태니컬 트리트먼트 플루이드 [500ml]",471,W104,,1
CCRS002,"세라클리닉 더마이드4.0 안티헤어로스 헤어팩 그린클렌즈",1000ml,0,W104,,1
CCRS005,"세라클리닉 더마이드4.0 안티헤어로스 트리트먼트","세라클리닉 더마이드4.0 안티헤어로스 트리트먼트 [1000ml]",507,W104,,1
CCRSN02,"세라클리닉 더마이드4.0 안티헤어로스 헤어팩 그린클렌즈 뉴",1000ml,0,W104,,1
CCRSP01,"세라클리닉 더마이드 4.0 보태니컬 트리트먼트 플루이드","세라클리닉 더마이드 4.0 보태니컬 트리트먼트 플루이드 [5ml 파우치]",-37,W104,,1
CCRT001,"세라클리닉 더마이드 4.0 안티헤어로스 루트 토닉 그린 클렌즈","세라클리닉 더마이드 4.0 안티헤어로스 루트 토닉 그린 클렌즈 [110ml]",6896,W106,,1
CCRW001,"세라클리닉 로우 솔루션 히아루론산 1%","세라클리닉 로우 솔루션 히아루론산 1% [60ml]",-66,W104,,1
CCRW002,"세라클리닉 로우 솔루션 콜라겐 1%",60ml,0,W104,,1
CCRW003,"세라클리닉 로우 솔루션 판테놀 수용액 5%",60ml,0,W104,,1
CCRW004,"세라클리닉 로우 솔루션 센텔라 아시아티카 100","세라클리닉 로우 솔루션 센텔라 아시아티카 100 [60ml]",-247,W104,,1
CCRWB01,"세라클리닉 로우 솔루션 히아루론산 1%",250ml,0,W104,,1
CCRWB02,"세라클리닉 로우 솔루션 콜라겐 1%","세라클리닉 로우 솔루션 콜라겐 1% [250ml]",-41,W104,,1
CCRWB03,"세라클리닉 로우 솔루션 판테놀 수용액 5%",250ml,0,W104,,1
CCSP001,"세라클리닉 더마이드 4.0 보태니컬 샴푸","세라클리닉 더마이드 4.0 보태니컬 샴푸 [1000ml]",1829,W104,,1
CCSP002,"세라클리닉 더마이드4.0 안티헤어로스 샴푸 그린클렌즈",1000ml,0,W104,,1
CCSP003,"세라클리닉 더마이드 4.0 노옐로우 샴푸 프로테인 퀀치","세라클리닉 더마이드 4.0 노옐로우 샴푸 프로테인 퀀치 [500ml]",270,W104,,1
CCSP004,"세라클리닉 더마이드 4.0 앰플 샴푸 프로테인 퀀치","세라클리닉 더마이드 4.0 앰플 샴푸 프로테인 퀀치 [500ml]",2383,W104,,1
CCSP005,"세라클리닉 더마이드4.0 안티헤어로스 샴푸","세라클리닉 더마이드4.0 안티헤어로스 샴푸 [1000ml]",863,W104,,1
CCSPM04,"세라클리닉 더마이드 4.0 앰플 샴푸 프로테인 퀀치","세라클리닉 더마이드 4.0 앰플 샴푸 프로테인 퀀치 [30ml 튜브]",844,W104,,1
CCSPN02,"세라클리닉 더마이드4.0 안티헤어로스 샴푸 그린클렌즈 뉴","세라클리닉 더마이드4.0 안티헤어로스 샴푸 그린클렌즈 뉴 [1000ml]",-3,W106,,1
CCSPT01,"세라클리닉 더마이드 4.0 보태니컬 샴푸","세라클리닉 더마이드 4.0 보태니컬 샴푸 [100ml / 튜브]",-37,W104,,1
CCVF000,"세라클리닉 더마이드 4.0 볼륨 픽서 프로테인 퀀치","세라클리닉 더마이드 4.0 볼륨 픽서 프로테인 퀀치 [200ml]",1762,W104,,1
CHHC001,"샤샤 밀크 앤 허니 핸드크림- 듀이 플로럴","샤샤 밀크 앤 허니 핸드크림- 듀이 플로럴 [500ml]",322,W104,,1
CHHC002,"샤샤 밀크 앤 허니 핸드크림- 쥬이시 그레이프프룻","샤샤 밀크 앤 허니 핸드크림- 쥬이시 그레이프프룻 [500ml]",59,W104,,1
CHHC003,"샤샤 밀크 앤 허니 핸드크림- 소프트 머스크","샤샤 밀크 앤 허니 핸드크림- 소프트 머스크 [500ml]",340,W104,,1
CHHC004,"샤샤 아로마틱 시어버터 핸드크림 앰버바닐라","샤샤 아로마틱 시어버터 핸드크림 앰버바닐라 [60ml]",-40,W104,,1
CSCFB01,"목도리(블랙) (ZA004BK00)","목도리(블랙) (ZA004BK00)",17,W106,,1
CSCFI01,"목도리(아이보리) (ZA004WH00)","목도리(아이보리) (ZA004WH00)",7,W106,,1
CSCFP01,"목도리(핑크) (ZA004PK00)","목도리(핑크) (ZA004PK00)",17,W106,,1
CSRT0L1,"카라셔츠 그레이 L사이즈(ZT010GY03)","카라셔츠 그레이 L사이즈(ZT010GY03) [무지, 그레이,L사이즈]",13,W106,,1
CSRT0L2,"카라셔츠 민트 L사이즈 (ZT010BL03)","카라셔츠 민트 L사이즈 (ZT010BL03) [무지, 민트, L사이즈]",16,W106,,1
CSRT0M1,"카라셔츠 그레이 M사이즈(ZT010GY00)","카라셔츠 그레이 M사이즈(ZT010GY00) [무지, 그레이,M사이즈]",16,W106,,1
CSRT0M2,"카라셔츠 민트 M사이즈 (ZT010BL00)","카라셔츠 민트 M사이즈 (ZT010BL00) [무지, 민트, M사이즈]",14,W106,,1
CSRTC01,"배색 오픈 카라 셔츠(블루) (ZT020BL00)","배색 오픈 카라 셔츠(블루) (ZT020BL00) [배색셔츠, 블루, 세로 스트라이프]",4,W106,,1
CSRTC02,"배색 오픈 카라 셔츠(그린) (ZT020GR00)","배색 오픈 카라 셔츠(그린) (ZT020GR00) [배색셔츠, 그린, 세로 스트라이프]",9,W106,,1
CSRTFL2,"카라셔츠 꽃가라 블랙 L사이즈 (ZT011BK00)","카라셔츠 꽃가라 블랙 L사이즈 (ZT011BK00) [꽃가라, 블랙, L사이즈]",14,W106,,1
CSRTFM1,"카라셔츠 꽃가라 오렌지 M사이즈 (ZT011OR00)","카라셔츠 꽃가라 오렌지 M사이즈 (ZT011OR00) [꽃가라, 오렌지, M사이즈]",13,W106,,1
CSRTSL1,"카라셔츠 스트라이프 그린 L사이즈 (ZT012GR03)","카라셔츠 스트라이프 그린 L사이즈 (ZT012GR03) [스트라이프, 그린, L사이즈]",15,W106,,1
CSRTSL2,"카라셔츠 스트라이프 블루 L사이즈 (ZT012BL03)","카라셔츠 스트라이프 블루 L사이즈 (ZT012BL03) [스트라이프, 블루, L사이즈]",17,W106,,1
CSRTSM1,"카라셔츠 스트라이프 그린 M사이즈 (ZT012GR00)","카라셔츠 스트라이프 그린 M사이즈 (ZT012GR00) [스트라이프, 그린, M사이즈]",18,W106,,1
CSRTSM2,"카라셔츠 스트라이프 블루 M사이즈 (ZT012BL00)","카라셔츠 스트라이프 블루 M사이즈 (ZT012BL00) [스트라이프, 블루, M사이즈]",18,W106,,1
CTOP001,"패치 포인트 반팔티(네이비) (ZT017NV00)","패치 포인트 반팔티(네이비) (ZT017NV00) [네이비 팔부분 패치]",9,W106,,1
CTOP002,"패치 포인트 반팔티(아이보리) (ZT016BE00)","패치 포인트 반팔티(아이보리) (ZT016BE00) [아이보리 팔부분 패치]",6,W106,,1
CTOPH01,"후드배색티(그레이) (ZT019GY00)","후드배색티(그레이) (ZT019GY00) [앞 블루 뒤 그레이]",9,W106,,1
CTOPH03,"후드배색티(옐로우) (ZT019GR00)","후드배색티(옐로우) (ZT019GR00) [앞 옐로우 뒤 블루]",16,W106,,1
CTOPH04,"반팔 후드티(그레이) (ZT021GY00)","반팔 후드티(그레이) (ZT021GY00)",14,W106,,1
CTOPH05,"반팔 후드티(블루) (ZT021BL00)","반팔 후드티(블루) (ZT021BL00)",15,W106,,1
CTOPM01,"남성누비상의 (ZT001BK04)","남성누비상의 (ZT001BK04) [블랙]",26,W106,,1
CTOPW01,"여성누비상의 (ZT001BK02)","여성누비상의 (ZT001BK02) [블랙]",28,W106,,1
FJAP001,"프레쥬 레틴 콜라겐 3D 코어 앰플","프레쥬 레틴 콜라겐 3D 코어 앰플 [50ml]",1591,W104,,1
FJAP003,"프레쥬 프로모이스처 B5-히알루 앰플","프레쥬 프로모이스처 B5-히알루 앰플 [50ml]",783,W104,,1
FJAP004,"프레쥬 유주허니 올리고 써지 앰플","프레쥬 유주허니 올리고 써지 앰플 [50ml]",1657,W104,,1
FJAP005,"프레쥬 어성초 블레미쉬 리뉴 앰플","프레쥬 어성초 블레미쉬 리뉴 앰플 [50ml]",698,W104,,1
FJAP007,"프레쥬 바이옴 5-락토 트리트먼트 앰플","프레쥬 바이옴 5-락토 트리트먼트 앰플 [50ml]",-36,W104,,1
FJBB001,"프레쥬 레틴 콜라겐 3D 코어 블레미쉬 밤","프레쥬 레틴 콜라겐 3D 코어 블레미쉬 밤 [50 g]",-38,W104,,1
FJBB002,"프레쥬 레틴 콜라겐 3D 코어 블레미쉬 밤 클레어","프레쥬 레틴 콜라겐 3D 코어 블레미쉬 밤 클레어 [50 g]",1372,W104,,1
FJBBP01,"프레쥬 레틴 콜라겐 3D 코어 블레미쉬 밤","프레쥬 레틴 콜라겐 3D 코어 블레미쉬 밤 [2 g / 파우치]",54598,W104,,1
FJBF001,"프레쥬 오리지날 인진쑥 버블 페이셜 폼","프레쥬 오리지날 인진쑥 버블 페이셜 폼 [200g]",3051,W104,,1
FJCB001,"프레쥬 유주허니 올 클렌징밤","프레쥬 유주허니 올 클렌징밤 [50ml]",3364,W104,,1
FJCB002,"프레쥬 프로 모이스처 엔자임 클렌징 밤","프레쥬 프로 모이스처 엔자임 클렌징 밤 [110ml]",2823,W104,,1
FJCL001,"프레쥬 프로 모이스처 버블 클렌저","프레쥬 프로 모이스처 버블 클렌저 [200g]",1592,W104,,1
FJCO001,"프레쥬 오리지날 허브 자연약쑥 클렌징 오일","프레쥬 오리지날 허브 자연약쑥 클렌징 오일 [210 ml]",1727,W104,,1
FJCO002,"프레쥬 어성초 포어 멜팅 클렌징 오일","프레쥬 어성초 포어 멜팅 클렌징 오일 [210 ml]",1070,W104,,1
FJCP001,"프레쥬 오리지날 자연약쑥 효소 클렌징팩","프레쥬 오리지날 자연약쑥 효소 클렌징팩 [80g]",4242,W104,,1
FJCR002,"프레쥬 오리지날 자연약쑥 진정 수분크림","프레쥬 오리지날 자연약쑥 진정 수분크림 [100ml]",-13454,W104,,1
FJCR003,"프레쥬 프로 모이스처 인텐시브 크림","프레쥬 프로 모이스처 인텐시브 크림 [50ml]",375,W104,,1
FJCR004,"프레쥬 유주 허니 인리치드 크림","프레쥬 유주 허니 인리치드 크림 [50ml]",2864,W104,,1
FJCR005,"프레쥬 어성초 블레미쉬 수분크림","프레쥬 어성초 블레미쉬 수분크림 [100ml]",3279,W104,,1
FJCR006,"프레쥬 레틴 콜라겐 3D 코어 크림","프레쥬 레틴 콜라겐 3D 코어 크림 [50 ml]",1153,W104,,1
FJCR007,"프레쥬 바이옴 5-락토 밸런스 모이스처라이저","프레쥬 바이옴 5-락토 밸런스 모이스처라이저 [50 ml]",89,W104,,1
FJCR008,"프레쥬 알케믹 진세노사이드 인텐스 퍼밍 크림","프레쥬 알케믹 진세노사이드 인텐스 퍼밍 크림 [50 ml]",1100,W104,,1
FJCR009,"프레쥬 프로 모이스처 세라토 에어리 크림","프레쥬 프로 모이스처 세라토 에어리 크림 [50 ml]",-903,W104,,1
FJCRM02,"프레쥬 오리지날 자연약쑥 진정 수분크림 10ML","프레쥬 오리지날 자연약쑥 진정 수분크림 10ML [10ml / 튜브]",890,W104,,1
FJCRM03,"프레쥬 프로 모이스처 인텐시브 크림","프레쥬 프로 모이스처 인텐시브 크림 [10ml / 튜브(PE)]",52,W104,,1
FJCRM04,"프레쥬 유주 허니 인리치드 크림","프레쥬 유주 허니 인리치드 크림 [10ml / 튜브]",123,W104,,1
FJCRM05,"프레쥬 어성초 블레미쉬 수분크림","프레쥬 어성초 블레미쉬 수분크림 [10ml / 튜브]",1335,W104,,1
FJCRM06,"프레쥬 레틴 콜라겐 3D 코어 크림","프레쥬 레틴 콜라겐 3D 코어 크림 [10 ml / 튜브]",383,W104,,1
FJCRM08,"프레쥬 알케믹 진세노사이드 인텐스 퍼밍 크림- 미니","프레쥬 알케믹 진세노사이드 인텐스 퍼밍 크림- 미니 [10 ml / 튜브]",5381,W104,,1
FJCRM09,"프레쥬 프로 모이스처 세라토 에어리 크림","프레쥬 프로 모이스처 세라토 에어리 크림 [10 ml / 튜브]",5701,W104,,1
FJCRT02,"프레쥬 오리지날 자연약쑥 진정 수분크림","프레쥬 오리지날 자연약쑥 진정 수분크림 [100ml / 튜브]",1298,W104,,1
FJCW001,"프레쥬 오리지날 허브 자연약쑥 클렌징워터","프레쥬 오리지날 허브 자연약쑥 클렌징워터 [300ml]",1640,W104,,1
FJEC001,"프레쥬 유주허니 캡슐 아이크림","프레쥬 유주허니 캡슐 아이크림 [20 ml]",4525,W104,,1
FJEC006,"프레쥬 레틴 콜라겐 3D 코어 아이크림","프레쥬 레틴 콜라겐 3D 코어 아이크림 [15 ml]",-1433,W104,,1
FJES001,"프레쥬 알케믹 진세노사이드 컨투어 아이 세럼","프레쥬 알케믹 진세노사이드 컨투어 아이 세럼 [25 ml]",295,W104,,1
FJEX001,"프레쥬 오리지날 인진쑥 에센스","프레쥬 오리지날 인진쑥 에센스 [115mL]",684,W104,,1
FJEX002,"프레쥬 어성초 인텐시브 카밍 에센스","프레쥬 어성초 인텐시브 카밍 에센스 [120mL]",812,W104,,1
FJEX003,"프레쥬 오리지날 자연약쑥 파하 필링 에센스","프레쥬 오리지날 자연약쑥 파하 필링 에센스 [120mL]",3336,W104,,1
FJFC002,"프레쥬 오리지날 허브 자연약쑥 클렌징폼","프레쥬 오리지날 허브 자연약쑥 클렌징폼 [150 ml]",-28194,W104,,1
FJFC003,"프레쥬 어성초 블레미쉬 약산성 클렌징폼","프레쥬 어성초 블레미쉬 약산성 클렌징폼 [250 ml]",2051,W104,,1
FJFC004,"프레쥬 유주허니 올 클리어 클렌징폼","프레쥬 유주허니 올 클리어 클렌징폼 [250 ml]",2923,W104,,1
FJFC005,"프레쥬 레틴 콜라겐 3D 코어 클렌징폼","프레쥬 레틴 콜라겐 3D 코어 클렌징폼 [250 ml]",3396,W104,,1
FJFCPN2,"프레쥬 오리지날 허브 자연약쑥 클렌징폼","프레쥬 오리지날 허브 자연약쑥 클렌징폼 [삼각파우치 (5ml*20)]",7140,W104,,1
FJGB001,"프레쥬 어성초 블레미쉬 클렌징 젤 밤","프레쥬 어성초 블레미쉬 클렌징 젤 밤 [100ml]",967,W104,,1
FJGC007,"프레쥬 바이옴 5-락토 밸런스 젤 클렌저","프레쥬 바이옴 5-락토 밸런스 젤 클렌저 [210 ml]",246,W104,,1
FJLM001,"프레쥬 자연약쑥 립 슬리핑 마스크","프레쥬 자연약쑥 립 슬리핑 마스크 [12 g]",66,W104,,1
FJLM002,"프레쥬 유주허니 립 슬리핑 마스크","프레쥬 유주허니 립 슬리핑 마스크 [12 g]",-1141,W104,,1
FJLO001,"프레쥬 레틴콜라겐 3D 코어 립 오일","프레쥬 레틴콜라겐 3D 코어 립 오일 [3.2 mL]",1812,W104,,1
FJMK001,"프레쥬 오리지날 허브 자연약쑥 시트 마스크","프레쥬 오리지날 허브 자연약쑥 시트 마스크 [23ml / 제조업자:지디케이화장품(주)]",19010,W106,,1
FJMK002,"프레쥬 프로 모이스처 시트 마스크","프레쥬 프로 모이스처 시트 마스크 [23ml / 제조업자:아이큐어(주)]",619,W104,,1
FJMK003,"프레쥬 프로 모이스처 밀크 토닝 클레이 마스크","프레쥬 프로 모이스처 밀크 토닝 클레이 마스크 [75g]",2485,W104,,1
FJMK004,"프레쥬 유주허니 안티 멜라 캡슐 마스크","프레쥬 유주허니 안티 멜라 캡슐 마스크 [75ml]",1077,W104,,1
FJMK005,"프레쥬 어성초 포어 멜팅 겔 마스크","프레쥬 어성초 포어 멜팅 겔 마스크 [75ml]",2898,W104,,1
FJMK006,"프레쥬 레틴 콜라겐 3D 코어 래디언스 마스크","프레쥬 레틴 콜라겐 3D 코어 래디언스 마스크 [75ml]",2465,W104,,1
FJMK007,"프레쥬 바이옴 5-락토 리텍스쳐라이징 로지 마스크","프레쥬 바이옴 5-락토 리텍스쳐라이징 로지 마스크 [75g]",906,W104,,1
FJMK008,"프레쥬 알케믹 진세노사이드 엑소 랩 마스크","프레쥬 알케믹 진세노사이드 엑소 랩 마스크 [80g]",3616,W104,,1
FJMK5T1,"(5개입)프레쥬 오리지날 허브 자연약쑥 시트 마스크","(5개입)프레쥬 오리지날 허브 자연약쑥 시트 마스크 [23ml 5개입 / 제조업자:지디케이화장품(주)]",-1,W106,,1
FJMK5T2,"(5개입)프레쥬 프로 모이스처 시트 마스크(23ml) [5개입+단상자]",,0,W104,,1
FJMT001,"프레쥬 레틴 콜라겐 3D 코어 앰플미스트","프레쥬 레틴 콜라겐 3D 코어 앰플미스트 [200ml]",2871,W104,,1
FJMT002,"프레쥬 프로 모이스처 크림 미스트","프레쥬 프로 모이스처 크림 미스트 [120ml]",2884,W104,,1
FJOF001,"프레쥬 레틴콜라겐 3D 코어 오일 투 폼클렌저","프레쥬 레틴콜라겐 3D 코어 오일 투 폼클렌저 [210 g]",3823,W104,,1
FJOF002,"프레쥬 알케믹 진세노사이드 오일 투 폼 클렌저","프레쥬 알케믹 진세노사이드 오일 투 폼 클렌저 [210 g]",3184,W104,,1
FJOFM02,"프레쥬 알케믹 진세노사이드 오일 투 폼 클렌저-미니","프레쥬 알케믹 진세노사이드 오일 투 폼 클렌저-미니 [30 g]",5145,W104,,1
FJPD001,"프레쥬 오리지날 허브 자연약쑥 포어 패드","프레쥬 오리지날 허브 자연약쑥 포어 패드 [170ml / 60매입]",2414,W104,,1
FJPDR01,"프레쥬 오리지날 허브 자연약쑥 포어 패드 (리필용)","프레쥬 오리지날 허브 자연약쑥 포어 패드 (리필용) [170ml / 60매입]",1897,W104,,1
FJPGM02,"프레쥬 오리지날 허브 자연약쑥 필링젤(튜브타입)","프레쥬 오리지날 허브 자연약쑥 필링젤(튜브타입) [150ml/튜브]",9987,W104,,1
FJPK001,"프레쥬 오리지날 허브 자연약쑥 산소 마스크팩","프레쥬 오리지날 허브 자연약쑥 산소 마스크팩 [300ml]",909,W104,,1
FJPW000,"프레쥬 프로 모이스처 엔자임 파우더 워시","프레쥬 프로 모이스처 엔자임 파우더 워시 [1g*30ea]",4406,W104,,1
FJPW001,"프레쥬 레틴콜라겐 3D 코어 파우더 워시","프레쥬 레틴콜라겐 3D 코어 파우더 워시 [1g*30ea]",133,W104,,1
FJPWK00,"프레쥬 프로 모이스처 엔자임 파우더 워시","프레쥬 프로 모이스처 엔자임 파우더 워시 [1g*30 / 내수용]",2917,W104,,1
FJRB001,"프레쥬 테리로브 (주황 스트라이프)","프레쥬 테리로브 (주황 스트라이프) [주황 노랑 스트라이프]",12,W106,,1
FJRB002,"프레쥬 테리로브 (파랑 스트라이프)","프레쥬 테리로브 (파랑 스트라이프) [파랑 노랑 스트라이프]",14,W106,,1
FJSC002,"프레쥬 어성초 에어리 핏 선크림","프레쥬 어성초 에어리 핏 선크림 [50g]",-800,W104,,1
FJSC003,"프레쥬 어성초 워터 핏 선스크린","프레쥬 어성초 워터 핏 선스크린 [50ml]",6372,W106,,1
FJSL001,"프레쥬 오리지날 허브 자연약쑥 진정 토너","프레쥬 오리지날 허브 자연약쑥 진정 토너 [500ml]",99,W104,,1
FJSL002,"프레쥬 프로 모이스처 크리미 토너","프레쥬 프로 모이스처 크리미 토너 [500ml]",1819,W104,,1
FJSL003,"프레쥬 유주 허니 에센셜 토너","프레쥬 유주 허니 에센셜 토너 [250ml]",1690,W104,,1
FJSL004,"프레쥬 어성초 블레미쉬 토너","프레쥬 어성초 블레미쉬 토너 [500ml]",3141,W104,,1
FJSL006,"프레쥬 레틴 콜라겐 3D 코어 토너","프레쥬 레틴 콜라겐 3D 코어 토너 [250 ml]",3396,W104,,1
FJSL007,"프레쥬 바이옴 5-락토 밸런스 토너","프레쥬 바이옴 5-락토 밸런스 토너 [300ml]",2985,W104,,1
FJSL008,"프레쥬 알케믹 진세노사이드 허벌 알엑스 토너","프레쥬 알케믹 진세노사이드 허벌 알엑스 토너 [250 ml]",1857,W104,,1
FJSLM08,"프레쥬 알케믹 진세노사이드 허벌 알엑스 토너- 미니","프레쥬 알케믹 진세노사이드 허벌 알엑스 토너- 미니 [30 ml]",5212,W104,,1
FJSM001,"프레쥬 오리지날 인진쑥 스팀 마스크","프레쥬 오리지날 인진쑥 스팀 마스크 [50g]",5718,W104,,1
FJST000,"프레쥬 스테인리스 스패츌러","프레쥬 스테인리스 스패츌러",1000,W106,,1
FJWE001,"프레쥬 알케믹 진세노사이드 워터리 에센스","프레쥬 알케믹 진세노사이드 워터리 에센스 [250 ml]",2530,W104,,1
FJWEM01,"프레쥬 알케믹 진세노사이드 워터리 에센스- 미니","프레쥬 알케믹 진세노사이드 워터리 에센스- 미니 [30 ml]",5782,W104,,1
FJXX3T1,"프레쥬 레틴 콜라겐 3종 세트","프레쥬 레틴 콜라겐 3종 세트 [토너+크림+아이크림]",446,W104,,1
HCBC001,"호텔 크레센도 너리싱 바디워시","호텔 크레센도 너리싱 바디워시 [500 ml]",1000,W104,,1
HCHW001,"호텔 크레센도 젠틀 핸드워시","호텔 크레센도 젠틀 핸드워시 [500 ml]",1000,W104,,1
HCRS001,"호텔 크레센도 너리싱 컨디셔너","호텔 크레센도 너리싱 컨디셔너 [500 ml]",-1,W104,,1
HCSP001,"호텔 크레센도 너리싱 샴푸","호텔 크레센도 너리싱 샴푸 [500 ml]",-2,W104,,1
HFBC001,"하파데이 예쓰 밀크 바디워시",1000mL,0,W104,,1
HFBL001,"하파데이 예쓰 밀크 바디로션",1000mL,0,W104,,1
HFHW001,"하파데이 퍼퓸드 포밍 핸드워시- 소프트 라벤더","하파데이 퍼퓸드 포밍 핸드워시- 소프트 라벤더 [500mL]",990,W104,,1
HFHW002,"하파데이 퍼퓸드 포밍 핸드워시- 프레쉬 프루트","하파데이 퍼퓸드 포밍 핸드워시- 프레쉬 프루트 [500mL]",1370,W104,,1
HFHW003,"하파데이 퍼퓸드 포밍 핸드워시- 파우더리 머스크","하파데이 퍼퓸드 포밍 핸드워시- 파우더리 머스크 [500mL]",946,W104,,1
ILMT001,"이즈리프 인티메이트 미스트 포맨","이즈리프 인티메이트 미스트 포맨 [60ml]",87,W104,,1
ILMT002,"이즈리프 인티메이트 미스트 포맨 프레쉬","이즈리프 인티메이트 미스트 포맨 프레쉬 [60ml]",85,W104,,1
ILMT003,"이즈리프 퓨어 이너 퍼퓸 미스트 그린티",50ml,0,W104,,1
ILMT004,"이즈리프 퓨어 이너 퍼퓸 미스트 비쥬",50ml,0,W104,,1
ILMT005,"이즈리프 인티메이트 미스트 포맨 인피니티","이즈리프 인티메이트 미스트 포맨 인피니티 [60ml]",2990,W104,,1
ILWS001,"이즈리프 인티메이트 워시 포맨","이즈리프 인티메이트 워시 포맨 [200ml]",3000,W104,,1
ILWS002,"이즈리프 인티메이트 워시 포맨 프레쉬",200ml,0,W104,,1
ILWS003,"이즈리프 퓨어 페미닌 버블 클렌져 그린티",250ml,0,W104,,1
ILWS004,"이즈리프 퓨어 페미닌 버블 클렌져 비쥬","이즈리프 퓨어 페미닌 버블 클렌져 비쥬 [250ml]",3,W104,,1
ILWS007,"이즈리프 퓨어 페미닌 버블 클렌져 블루밍","이즈리프 퓨어 페미닌 버블 클렌져 블루밍 [250ml]",3003,W104,,1
ILWSP01,"이즈리프 인티메이트 워시 포맨 (파우치)","5ml / 파우치",0,W104,,1
ILWSP02,"이즈리프 인티메이트 워시 포맨 프레쉬 (파우치)","5ml / 파우치",0,W104,,1
JCTP001,"잔느칼망 허브 오리지날 투스페이스트","잔느칼망 허브 오리지날 투스페이스트 [80g]",-13,W106,,1
JCTP002,"잔느칼망 허브 피스 앤 카밍 투스페이스트","잔느칼망 허브 피스 앤 카밍 투스페이스트 [80g]",-245,W106,,1
JCTP003,"잔느칼망 허브 퓨어 앤 샤인 투스페이스트",80g,0,W104,,1
JCTP3T1,"잔느칼망 허브 투스페이스트 어쏘티드 컬렉션 (3종세트) [오리지날1+피앤카밍1+퓨어앤샤인1]",,0,W104,,1
JCTP5T1,"잔느칼망 허브 투스페이스트 어쏘티드 컬렉션 (5종세트) [오리지날2+피앤카밍2+퓨어앤샤인1]",,0,W104,,1
JMHV000,헤어볼륨기기,헤어볼륨기기,-75,W106,,1
JOCM2T1,"제이온 버드 네스트 클렌징 미니 세트","제이온 버드 네스트 클렌징 미니 세트 [오일(미니) 55ml+ 폼(미니) 30ml]",-3,W104,,1
JOCO001,"제이온 버드 네스트 클렌징오일","제이온 버드 네스트 클렌징오일 [150ml]",-19,W104,,1
JOEC001,"제이온 버드네스트 리바이브 아이크림","제이온 버드네스트 리바이브 아이크림 [15ml]",-8,W104,,1
JOFC001,"제이온 버드 네스트 클렌징폼",100ml,0,W104,,1
JOFC004,"제이온 차콜 젠틀 폼클렌징",,0,W104,,1
JOLS001,"제이온 립 필 업 세럼",10ml,0,W104,,1
JOLS002,"제이온 슈가 립 스크럽",12g,0,W104,,1
JOPK001,"제이온 아티초크 슬리핑팩","제이온 아티초크 슬리핑팩 [50ml / 튜브]",11,W104,,1
JOPK002,"제이온 허니 워시오프 마스크팩","50ml / 튜브",0,W104,,1
JOPK003,"제이온 비타 글로우 슬리핑팩","제이온 비타 글로우 슬리핑팩 [50ml / 튜브]",56,W104,,1
JOPK004,"제이온 콜라겐 슬리핑팩","제이온 콜라겐 슬리핑팩 [50ml / 튜브]",-56,W104,,1
JOPK005,"제이온 엘에이치에이 필링젤","제이온 엘에이치에이 필링젤 [50ml / 튜브]",2,W104,,1
JOPK006,"",,0,W104,,1
JOPKP01,"제이온 아티초크 슬리핑팩","5ml*20 / 파우치",0,W104,,1
JOPKP02,"제이온 허니 워시오프 마스크팩","5ml*20 / 파우치",0,W104,,1
JOPKP03,"제이온 비타 글로우 슬리핑팩","5ml*20 / 파우치",0,W104,,1
JOPKP04,"",,0,W104,,1
JOPKP05,"",,0,W104,,1
JOPKP06,"제이온 펌킨 슬리핑팩","5ml*20 / 파우치",0,W104,,1
JOSC001,"제이온 젠틀 포어 스크럽","제이온 젠틀 포어 스크럽 [50g / 튜브]",-39,W104,,1
JOSCP01,"제이온 젠틀 포어 스크럽","제이온 젠틀 포어 스크럽 [5g*20 / 파우치]",-47,W104,,1
JOSS001,"제이온 핫 카이엔 솔트 바디스크럽",250g,0,W104,,1
JOSS002,"제이온 쿨 민트 솔트 바디스크럽",250g,0,W104,,1
JOSS003,"제이온 트로피칼 망고 스무딩 슈가 바디스크럽",250g,0,W104,,1
KBBC001,"키스바이 로즈마인 스텔라리 바디워시- 센슈얼리티","키스바이 로즈마인 스텔라리 바디워시- 센슈얼리티 [300mL]",435,W104,,1
KBBC002,"키스바이 로즈마인 스텔라리 바디워시- 호프","키스바이 로즈마인 스텔라리 바디워시- 호프 [300mL]",533,W104,,1
KBBC003,"키스바이 로즈마인 스텔라리 바디워시- 블리스","키스바이 로즈마인 스텔라리 바디워시- 블리스 [300mL]",570,W104,,1
KBBC004,"키스바이 로즈마인 스텔라리 바디워시- 스너그","키스바이 로즈마인 스텔라리 바디워시- 스너그 [300mL]",566,W104,,1
KBCR001,"키스바이 로즈마인 프래그런스 크림- 글래머 센슈얼리티","키스바이 로즈마인 프래그런스 크림- 글래머 센슈얼리티 [140mL]",1032,W104,,1
KBCR002,"키스바이 로즈마인 프래그런스 크림- 글래머 판타지","키스바이 로즈마인 프래그런스 크림- 글래머 판타지 [140mL]",999,W104,,1
KBCR003,"키스바이 로즈마인 프래그런스 크림- 글래머 프레셔스","키스바이 로즈마인 프래그런스 크림- 글래머 프레셔스 [140mL]",226,W104,,1
KBCR004,"키스바이 로즈마인 프래그런스 크림- 오,프레쉬 포에버","키스바이 로즈마인 프래그런스 크림- 오,프레쉬 포에버 [140mL]",3321,W104,,1
KBCR005,"키스바이 로즈마인 프래그런스 크림- 오,프레쉬 허브가든","키스바이 로즈마인 프래그런스 크림- 오,프레쉬 허브가든 [140mL]",2253,W104,,1
KBCR006,"키스바이 로즈마인 프래그런스 크림- 글래머 대즐링","키스바이 로즈마인 프래그런스 크림- 글래머 대즐링 [140mL]",-149,W104,,1
KBCR007,"키스바이 로즈마인 프래그런스 크림- 글래머 멜로우","키스바이 로즈마인 프래그런스 크림- 글래머 멜로우 [140mL]",714,W104,,1
KBCR008,"키스바이 로즈마인 프래그런스 크림- 글래머 캔디블룸","키스바이 로즈마인 프래그런스 크림- 글래머 캔디블룸 [140mL]",1365,W104,,1
KBHC001,"키스바이 로즈마인 프래그런스 핸드크림- 엔젤스 퓨어","키스바이 로즈마인 프래그런스 핸드크림- 엔젤스 퓨어 [60ml]",22,W104,,1
KBHC002,"키스바이 로즈마인 프래그런스 핸드크림- 엔젤스 패션","키스바이 로즈마인 프래그런스 핸드크림- 엔젤스 패션 [60ml]",1898,W104,,1
KBHC003,"키스바이 로즈마인 프래그런스 핸드크림- 엔젤스 하트","키스바이 로즈마인 프래그런스 핸드크림- 엔젤스 하트 [60ml]",50,W104,,1
KBHC004,"키스바이 로즈마인 프래그런스 핸드크림- 엔젤스 로즈","키스바이 로즈마인 프래그런스 핸드크림- 엔젤스 로즈 [60ml]",-904,W104,,1
KBHC005,"키스바이 로즈마인 프래그런스 핸드크림- 엔젤스 러브","키스바이 로즈마인 프래그런스 핸드크림- 엔젤스 러브 [60ml]",360,W104,,1
KBHC006,"키스바이 로즈마인 프래그런스 핸드크림- 글래머 센슈얼리티","키스바이 로즈마인 프래그런스 핸드크림- 글래머 센슈얼리티 [30ml]",1384,W104,,1
KBHC007,"키스바이 로즈마인 프래그런스 핸드크림- 글래머 판타지","키스바이 로즈마인 프래그런스 핸드크림- 글래머 판타지 [30ml]",2339,W104,,1
KBHC008,"키스바이 로즈마인 프래그런스 핸드크림- 글래머 프레셔스","키스바이 로즈마인 프래그런스 핸드크림- 글래머 프레셔스 [30ml]",2018,W104,,1
KBHC009,"키스바이 로즈마인 프래그런스 핸드크림- 오,프레쉬 포에버","키스바이 로즈마인 프래그런스 핸드크림- 오,프레쉬 포에버 [30ml]",-153,W104,,1
KBHC010,"키스바이 로즈마인 프래그런스 핸드크림- 오,프레쉬 허브가든","키스바이 로즈마인 프래그런스 핸드크림- 오,프레쉬 허브가든 [30ml]",5007,W104,,1
KBHC011,"키스바이 로즈마인 프래그런스 핸드크림- 글래머 대즐링","키스바이 로즈마인 프래그런스 핸드크림- 글래머 대즐링 [30ml]",2134,W104,,1
KBHC012,"키스바이 로즈마인 프래그런스 핸드크림- 글래머 멜로우","키스바이 로즈마인 프래그런스 핸드크림- 글래머 멜로우 [30ml]",1496,W104,,1
KBHC013,"키스바이 로즈마인 프래그런스 핸드크림- 글래머 캔디블룸","키스바이 로즈마인 프래그런스 핸드크림- 글래머 캔디블룸 [30ml]",722,W104,,1
KBHC3T1,"키스바이 로즈마인 프래그런스 핸드크림 트리오 (3종세트)","키스바이 로즈마인 프래그런스 핸드크림 트리오 (3종세트) [30ml*3 (글래머센슈얼리티+글레머프레셔스+오,프레쉬허브가든)]",13,W104,,1
KBHC5T1,"키스바이 로즈마인 프래그런스 핸드크림 5종 세트","키스바이 로즈마인 프래그런스 핸드크림 5종 세트 [60mL*5]",-17,W104,,1
KBOW001,"키스바이 로즈마인 프래그런스 오일워시- 글래머 센슈얼리티","키스바이 로즈마인 프래그런스 오일워시- 글래머 센슈얼리티 [300mL]",446,W104,,1
KBOW002,"키스바이 로즈마인 프래그런스 오일워시- 글래머 판타지","키스바이 로즈마인 프래그런스 오일워시- 글래머 판타지 [300mL]",292,W104,,1
KBOW003,"키스바이 로즈마인 프래그런스 오일워시- 글래머 프레셔스","키스바이 로즈마인 프래그런스 오일워시- 글래머 프레셔스 [300mL]",410,W104,,1
KBOW004,"키스바이 로즈마인 프래그런스 오일워시- 오,프레쉬 포에버","키스바이 로즈마인 프래그런스 오일워시- 오,프레쉬 포에버 [300mL]",305,W104,,1
KBOW005,"키스바이 로즈마인 프래그런스 오일워시- 오,프레쉬 허브가든","키스바이 로즈마인 프래그런스 오일워시- 오,프레쉬 허브가든 [300mL]",244,W104,,1
KMHCM00,"켈리스 모이스처 크림",180g,0,W104,,1
KMNE000,"켈리스 모이스처 니나보보 에센스",,0,W104,,1
KSCL000,"까마올소 옴므 셀 발란스 로션","까마올소 옴므 셀 발란스 로션",592,W104,,1
KSCS000,"까마올소 옴므 셀 발란스 스킨","까마올소 옴므 셀 발란스 스킨",1198,W104,,1
KSML000,"까마올소 마일드 트．로션",,0,W104,,1
KSMS000,"까마올소 마일드 트．스킨",,0,W104,,1
KSMXM2T,"까마올소 ２종세트(M)","까마올소 ２종세트(M) [로션2+스킨1]",21,W104,,1
KSMXN2T,"까마올소２종세트(N)","까마올소２종세트(N) [스킨2+로션1]",1,W104,,1
KSXX2T1,"까마 옴므 아쿠아 바이오 스킨케어 세트","까마 옴므 아쿠아 바이오 스킨케어 세트",697,W104,,1
LAHC000,"에바스 레몬에이드 핸드크림",60ML,0,W104,,1
LBFC000,"르보에 아나야케 풋앤힐밤","르보에 아나야케 풋앤힐밤 [EA]",-3,W104,,1
MERF023,"엘르베 리퀴드 화운데이션 23호",,0,W104,,1
MLAL015,"미미로린스 어포더블 럭셔리- 프리지아 로맨스","미미로린스 어포더블 럭셔리- 프리지아 로맨스 [50ml]",-8,W104,,1
MLAL026,"미미로린스 어포더블 럭셔리- 우드 세이지",50ml,0,W104,,1
MLAL046,"미미로린스 어포더블 럭셔리- 인패츄에이티드","미미로린스 어포더블 럭셔리- 인패츄에이티드 [50ml]",-1,W104,,1
MLAL047,"미미로린스 어포더블 럭셔리- 멜리플루어스",50ml,0,W104,,1
MLAL054,"미미로린스 어포더블 럭셔리- 슬릭","미미로린스 어포더블 럭셔리- 슬릭 [50ml]",-5,W104,,1
MLAL075,"미미로린스 어포더블 럭셔리- 스칼렛","미미로린스 어포더블 럭셔리- 스칼렛 [50ml]",-1,W104,,1
MLAL085,"미미로린스 어포더블 럭셔리- 프리티 미",50ml,0,W104,,1
MLAL123,"미미로린스 어포더블 럭셔리- 캔디스 인 블룸","미미로린스 어포더블 럭셔리- 캔디스 인 블룸 [50ml]",-2,W104,,1
MLAL136,"미미로린스 어포더블 럭셔리- 매스퀼른",50ml,0,W104,,1
MLAL140,"미미로린스 어포더블 럭셔리- 퓨어하트",50ml,0,W104,,1
MLAL141,"미미로린스 어포더블 럭셔리- 리틀스타",50ml,0,W104,,1
MLBC014,"미미로린스 하니수플레 크리미 바디워시- 네트와제","미미로린스 하니수플레 크리미 바디워시- 네트와제 [480ml]",-61,W104,,1
MLBC015,"미미로린스 하니수플레 크리미 바디워시- 라즈베리 앤 만다린",480ml,0,W104,,1
MLBC016,"미미로린스 모먼트 릴렉스 바디워시 그린 블리스","미미로린스 모먼트 릴렉스 바디워시 그린 블리스 [500 ml]",15,W104,,1
MLBD3T3,"미미로린스 씬트리메인 퍼퓸드 바디 3종 세트- 머스크엣머스크","미미로린스 씬트리메인 퍼퓸드 바디 3종 세트- 머스크엣머스크 [바디워시+바디로션+바디미스트]",-29,W104,,1
MLBD3T4,"미미로린스 씬트리메인 퍼퓸드 바디 3종 세트- 모링가","미미로린스 씬트리메인 퍼퓸드 바디 3종 세트- 모링가 [바디워시300+바디로션300+바디스플래쉬140]",-52,W104,,1
MLBD3T5,"미미로린스 얼그레이 카밍 퍼퓸드 바디세트(3종)- 플로레종","미미로린스 얼그레이 카밍 퍼퓸드 바디세트(3종)- 플로레종 [바디워시300+바디로션300+핸드크림100]",-90,W104,,1
MLBL007,"미미로린스 모먼트 바디로션- 뮤즈","미미로린스 모먼트 바디로션- 뮤즈 [500ml]",179,W104,,1
MLBL008,"미미로린스 모먼트 바디로션- 멜리플루어스","미미로린스 모먼트 바디로션- 멜리플루어스 [500ml]",10,W104,,1
MLBL009,"미미로린스 모먼트 바디로션- 가드니아","미미로린스 모먼트 바디로션- 가드니아 [500ml]",176,W104,,1
MLBL010,"미미로린스 모먼트 릴렉스 바디로션 그린 블리스","미미로린스 모먼트 릴렉스 바디로션 그린 블리스 [500 ml]",30,W104,,1
MLBM002,"미미로린스 모먼트 코스트 바디미스트- 오션딥","미미로린스 모먼트 코스트 바디미스트- 오션딥 [100ml]",13,W104,,1
MLBM003,"미미로린스 모먼트 코스트 바디미스트- 마린브리즈","미미로린스 모먼트 코스트 바디미스트- 마린브리즈 [100ml]",-1,W104,,1
MLBM004,"미미로린스 모먼트 코스트 바디미스트- 블루웨이브","미미로린스 모먼트 코스트 바디미스트- 블루웨이브 [100ml]",44,W104,,1
MLBS001,"미미로린스 씬트 리메인 퍼퓸드 바디 스플래쉬 1.프리지아 로맨스","미미로린스 씬트 리메인 퍼퓸드 바디 스플래쉬 1.프리지아 로맨스",-28,W104,,1
MLBS002,"미미로린스 씬트 리메인 퍼퓸드 바디 스플래쉬 2.프레쉬 라임","미미로린스 씬트 리메인 퍼퓸드 바디 스플래쉬 2.프레쉬 라임",-20,W104,,1
MLBS003,"미미로린스 씬트 리메인 퍼퓸드 바디 스플래쉬 3.블랙베리","미미로린스 씬트 리메인 퍼퓸드 바디 스플래쉬 3.블랙베리",-1,W104,,1
MLBS004,"미미로린스 씬트 리메인 퍼퓸드 바디 스플래쉬 4.퀸스 플라워","미미로린스 씬트 리메인 퍼퓸드 바디 스플래쉬 4.퀸스 플라워",-12,W104,,1
MLCR002,"미미로린스 하니 수플레 바디크림 - 프레쉬 라임","미미로린스 하니 수플레 바디크림 - 프레쉬 라임 [120ml]",-1,W104,,1
MLCR004,"미미로린스 하니 수플레 바디크림 - 우드 세이지","미미로린스 하니 수플레 바디크림 - 우드 세이지 [120ml]",-91,W104,,1
MLCR006,"미미로린스 하니 수플레 바디크림 - 네트와제","미미로린스 하니 수플레 바디크림 - 네트와제 [120ml]",-54,W104,,1
MLDF006,"미미로린스 씬트 리메인 디퓨져 - 스파클링 사케",,0,W104,,1
MLDF007,"미미로린스 씬트 리메인 디퓨져 - 화이트 코튼",,0,W104,,1
MLDF028,"미미로린스 딥 퍼퓸 디퓨져- 피브완로즈","미미로린스 딥 퍼퓸 디퓨져- 피브완로즈 [200 ml]",-1,W104,,1
MLDF029,"미미로린스 딥 퍼퓸 디퓨져- 네트와제","미미로린스 딥 퍼퓸 디퓨져- 네트와제 [200 ml]",-4,W104,,1
MLDF030,"미미로린스 딥 퍼퓸 디퓨져- 테르","미미로린스 딥 퍼퓸 디퓨져- 테르 [200 ml]",-2,W104,,1
MLDFT28,"미미로린스 딥 퍼퓸 디퓨져- 피브완로즈 (선물세트)","미미로린스 딥 퍼퓸 디퓨져- 피브완로즈 (선물세트) [200 ml]",113,W104,,1
MLDFT29,"미미로린스 딥 퍼퓸 디퓨져- 네트와제 (선물세트)","미미로린스 딥 퍼퓸 디퓨져- 네트와제 (선물세트) [200 ml]",-101,W104,,1
MLDFT30,"미미로린스 딥 퍼퓸 디퓨져- 테르 (선물세트)","미미로린스 딥 퍼퓸 디퓨져- 테르 (선물세트) [200 ml]",18,W104,,1
MLDM025,"미미로린스 솝앤클린 드레스 퍼퓸- 린넨",300ml,0,W104,,1
MLDM026,"미미로린스 드레스 퍼퓸 모먼트 블러썸- 퓨어그린","미미로린스 드레스 퍼퓸 모먼트 블러썸- 퓨어그린 [300ml]",-107,W104,,1
MLDM027,"미미로린스 드레스 퍼퓸 모먼트 블러썸- 런드로맷","미미로린스 드레스 퍼퓸 모먼트 블러썸- 런드로맷 [300ml]",109,W104,,1
MLDM028,"미미로린스 드레스 퍼퓸 모먼트 블러썸- 어도러블",300ml,0,W104,,1
MLDM032,"미미로린스 드레스 퍼퓸 미스트 딥 퍼퓸- 네트와제","미미로린스 드레스 퍼퓸 미스트 딥 퍼퓸- 네트와제 [300 ml]",1402,W104,,1
MLDM033,"미미로린스 드레스 퍼퓸 미스트 딥 퍼퓸- 테르","미미로린스 드레스 퍼퓸 미스트 딥 퍼퓸- 테르 [300 ml]",1396,W104,,1
MLDM034,"미미로린스 드레스 퍼퓸 미스트 딥 퍼퓸- 플로르","미미로린스 드레스 퍼퓸 미스트 딥 퍼퓸- 플로르 [300 ml]",613,W104,,1
MLDM035,"미미로린스 드레스 퍼퓸 미스트 딥 퍼퓸- 오브","미미로린스 드레스 퍼퓸 미스트 딥 퍼퓸- 오브 [300 ml]",722,W104,,1
MLDM036,"미미로린스 드레스 퍼퓸 미스트 딥 퍼퓸- 피브완로즈","미미로린스 드레스 퍼퓸 미스트 딥 퍼퓸- 피브완로즈 [300 ml]",1320,W104,,1
MLDM3T1,"미미로린스 드레스 퍼퓸 모먼트 블러썸 3종 세트","미미로린스 드레스 퍼퓸 모먼트 블러썸 3종 세트 [300ml*3 (퓨어그린/ 런드로맷/ 어도러블)]",-1,W104,,1
MLDMA01,"미미로린스 드레스 퍼퓸 미스트 딥퍼퓸 레이블- 프리지아로맨스","미미로린스 드레스 퍼퓸 미스트 딥퍼퓸 레이블- 프리지아로맨스 [200ml]",-1,W104,,1
MLDMA05,"미미로린스 드레스 퍼퓸 미스트 딥퍼퓸 레이블- 프레쉬라임","미미로린스 드레스 퍼퓸 미스트 딥퍼퓸 레이블- 프레쉬라임 [200ml]",-25,W104,,1
MLDMA08,"미미로린스 드레스 퍼퓸 미스트 딥퍼퓸 레이블- 블랙베리","미미로린스 드레스 퍼퓸 미스트 딥퍼퓸 레이블- 블랙베리 [200ml]",110,W104,,1
MLDMA12,"미미로린스 드레스 퍼퓸 미스트 딥퍼퓸 레이블- 네트와제",200ml,0,W104,,1
MLDMA15,"미미로린스 드레스 퍼퓸 미스트 딥퍼퓸 레이블- 플로레종","미미로린스 드레스 퍼퓸 미스트 딥퍼퓸 레이블- 플로레종 [200ml]",-133,W104,,1
MLDMA20,"미미로린스 드레스 퍼퓸 미스트 딥퍼퓸 레이블- 피치플로랄","미미로린스 드레스 퍼퓸 미스트 딥퍼퓸 레이블- 피치플로랄 [200ml]",-168,W104,,1
MLDMA21,"미미로린스 드레스 퍼퓸 미스트 딥퍼퓸 레이블- 블리스드","미미로린스 드레스 퍼퓸 미스트 딥퍼퓸 레이블- 블리스드 [200ml]",65,W104,,1
MLDMB01,"미미로린스 드레스 퍼퓸 미스트 - 프리지아 로맨스","미미로린스 드레스 퍼퓸 미스트 - 프리지아 로맨스 [500ml]",1201,W104,,1
MLDMB02,"미미로린스 드레스 퍼퓸 미스트 - 머스크엣머스크","미미로린스 드레스 퍼퓸 미스트 - 머스크엣머스크 [500ml]",847,W104,,1
MLDMB04,"미미로린스 드레스 퍼퓸 미스트 - 주스 드 시트론","500 ml",0,W104,,1
MLDMB05,"미미로린스 드레스 퍼퓸 미스트 - 프레쉬 라임","미미로린스 드레스 퍼퓸 미스트 - 프레쉬 라임 [500ml]",-22,W104,,1
MLDMB06,"미미로린스 드레스 퍼퓸 미스트 - 프렌치 블러썸","미미로린스 드레스 퍼퓸 미스트 - 프렌치 블러썸 [500ml]",13,W104,,1
MLDMB07,"미미로린스 드레스 퍼퓸 미스트 - 아로마틱 시트러스","미미로린스 드레스 퍼퓸 미스트 - 아로마틱 시트러스 [500ml]",-2,W104,,1
MLDMB08,"미미로린스 드레스 퍼퓸 미스트 - 블랙베리","미미로린스 드레스 퍼퓸 미스트 - 블랙베리 [500ml]",4,W104,,1
MLDMB09,"미미로린스 드레스 퍼퓸 미스트 - 스파클링 사케","미미로린스 드레스 퍼퓸 미스트 - 스파클링 사케 [500ml]",278,W104,,1
MLDMB10,"미미로린스 드레스 퍼퓸 미스트 - 화이트 코튼","미미로린스 드레스 퍼퓸 미스트 - 화이트 코튼 [500ml]",1085,W104,,1
MLDMB12,"미미로린스 드레스 퍼퓸 미스트 딥퍼퓸 레이블- 네트와제","미미로린스 드레스 퍼퓸 미스트 딥퍼퓸 레이블- 네트와제 [500ml]",-1,W104,,1
MLDMB13,"미미로린스 드레스 퍼퓸 미스트 딥퍼퓸 레이블- 인헤븐","미미로린스 드레스 퍼퓸 미스트 딥퍼퓸 레이블- 인헤븐 [500ml]",-35,W104,,1
MLDMB19,"미미로린스 드레스 퍼퓸 미스트 딥퍼퓸 레이블- 모닝듀","미미로린스 드레스 퍼퓸 미스트 딥퍼퓸 레이블- 모닝듀 [500ml]",-66,W104,,1
MLDMB20,"미미로린스 드레스 퍼퓸 미스트 딥퍼퓸 레이블- 피치플로랄","미미로린스 드레스 퍼퓸 미스트 딥퍼퓸 레이블- 피치플로랄 [500ml]",-9,W104,,1
MLDMB22,"미미로린스 드레스 퍼퓸 미스트 딥퍼퓸 레이블- 피브완로즈 피처링 블러썸 (500ML)","미미로린스 드레스 퍼퓸 미스트 딥퍼퓸 레이블- 피브완로즈 피처링 블러썸 (500ML) [500ml]",-13,W104,,1
MLDMB26,"미미로린스 드레스 퍼퓸 모먼트 블러썸- 퓨어그린","미미로린스 드레스 퍼퓸 모먼트 블러썸- 퓨어그린 [500ml]",148,W104,,1
MLDMB27,"미미로린스 드레스 퍼퓸 모먼트 블러썸- 런드로맷",500ml,0,W104,,1
MLDMB28,"미미로린스 드레스 퍼퓸 모먼트 블러썸- 어도러블",500ml,0,W104,,1
MLDMB29,"미미로린스 드레스 퍼퓸 모먼트 레스트- 로즈부쉬","미미로린스 드레스 퍼퓸 모먼트 레스트- 로즈부쉬 [500ml]",-9,W104,,1
MLDMB30,"미미로린스 드레스 퍼퓸 모먼트 레스트- 가든파티",500ml,0,W104,,1
MLDMB31,"미미로린스 드레스 퍼퓸 모먼트 레스트- 레몬트리","미미로린스 드레스 퍼퓸 모먼트 레스트- 레몬트리 [500ml]",-21,W104,,1
MLDMT32,"미미로린스 드레스 퍼퓸 미스트 딥 퍼퓸- 네트와제 (선물세트)","미미로린스 드레스 퍼퓸 미스트 딥 퍼퓸- 네트와제 (선물세트) [300 ml 본품 외]",218,W104,,1
MLDMT33,"미미로린스 드레스 퍼퓸 미스트 딥 퍼퓸- 테르 (선물세트)","미미로린스 드레스 퍼퓸 미스트 딥 퍼퓸- 테르 (선물세트) [300 ml 본품 외]",196,W104,,1
MLDMT36,"미미로린스 드레스 퍼퓸 미스트 딥 퍼퓸- 피브완로즈 (선물세트)","미미로린스 드레스 퍼퓸 미스트 딥 퍼퓸- 피브완로즈 (선물세트) [300 ml 본품 외]",158,W104,,1
MLHA001,"미미로린스 씬트리메인 EFA 프로테인 헤어 앰플- 프리지아 로맨스",120ml,0,W104,,1
MLHA002,"미미로린스 씬트리메인 EFA 프로테인 헤어 앰플- 프레쉬 라임","미미로린스 씬트리메인 EFA 프로테인 헤어 앰플- 프레쉬 라임 [120ml]",-18,W104,,1
MLHC006,"미미로린스 모먼트 플랜트 핸드크림- 헤이그린","미미로린스 모먼트 플랜트 핸드크림- 헤이그린 [500mL]",539,W104,,1
MLHC007,"미미로린스 모먼트 플랜트 핸드크림- 베리비트","미미로린스 모먼트 플랜트 핸드크림- 베리비트 [500mL]",537,W104,,1
MLHC008,"미미로린스 모먼트 플랜트 핸드크림- 해피텐져린","미미로린스 모먼트 플랜트 핸드크림- 해피텐져린 [500mL]",503,W104,,1
MLHC009,"미미로린스 모먼트 플랜트 핸드크림- 퓨어피치","미미로린스 모먼트 플랜트 핸드크림- 퓨어피치 [500mL]",463,W104,,1
MLHC011,"미미로린스 뷰티레슨 핸드크림 #1 로지 플뢰르","미미로린스 뷰티레슨 핸드크림 #1 로지 플뢰르",-84,W104,,1
MLHC013,"미미로린스 뷰티레슨 핸드크림 #3 이그조티크","미미로린스 뷰티레슨 핸드크림 #3 이그조티크",-48,W104,,1
MLHC014,"미미로린스 모먼트 핸드크림- 뮤즈","미미로린스 모먼트 핸드크림- 뮤즈 [60mL]",680,W104,,1
MLHC015,"미미로린스 모먼트 핸드크림- 멜리플루어스","미미로린스 모먼트 핸드크림- 멜리플루어스 [60mL]",570,W104,,1
MLHC016,"미미로린스 모먼트 핸드크림- 스칼렛","미미로린스 모먼트 핸드크림- 스칼렛 [60mL]",518,W104,,1
MLHC017,"미미로린스 모먼트 핸드크림- 가드니아","미미로린스 모먼트 핸드크림- 가드니아 [60mL]",240,W104,,1
MLHC018,"미미로린스 모먼트 래디언스 핸드 포마드크림- 아로마틱 리플렉션",60mL,0,W104,,1
MLHC019,"미미로린스 모먼트 래디언스 핸드 포마드크림- 드로우인 선셋",60mL,0,W104,,1
MLHC020,"미미로린스 모먼트 래디언스 핸드 포마드크림- 글로우온 페탈",60mL,0,W104,,1
MLHC2T1,"미미로린스 모먼트 플랜트 핸드케어 세트- 헤이그린",500mL*2,0,W104,,1
MLHC2T2,"미미로린스 모먼트 플랜트 핸드케어 세트- 베리비트","미미로린스 모먼트 플랜트 핸드케어 세트- 베리비트 [500mL*2]",-1,W104,,1
MLHC2T3,"미미로린스 모먼트 플랜트 핸드케어 세트- 해피텐져린","미미로린스 모먼트 플랜트 핸드케어 세트- 해피텐져린 [500mL*2]",-1,W104,,1
MLHC3T1,"미미로린스 뷰티레슨 핸드크림 3종세트",,0,W104,,1
MLHC3T2,"미미로린스 모먼트 래디언스 핸드 포마드크림 3종 세트","아로마틱 리플렉션+드로우 인 선셋+글로우 온 페탈",0,W104,,1
MLHCK18,"미미로린스 모먼트 래디언스 핸드 포마드크림- 아로마틱 리플렉션 (카톡용)",60ml,0,W104,,1
MLHCK19,"미미로린스 모먼트 래디언스 핸드 포마드크림- 드로우인 선셋 (카톡용)",60ml,0,W104,,1
MLHCK20,"미미로린스 모먼트 래디언스 핸드 포마드크림- 글로우온 페탈 (카톡용)",60ml,0,W104,,1
MLHD001,"미미로린스 모먼트 래디언스 핸드솝 에테리얼 그레이스","미미로린스 모먼트 래디언스 핸드솝 에테리얼 그레이스 [300ml]",1664,W104,,1
MLHD002,"미미로린스 모먼트 래디언스 핸드솝 아주르 프로스티","미미로린스 모먼트 래디언스 핸드솝 아주르 프로스티 [300ml]",1629,W104,,1
MLHD003,"미미로린스 모먼트 래디언스 핸드솝 애프터 레인","미미로린스 모먼트 래디언스 핸드솝 애프터 레인 [300ml]",1684,W104,,1
MLHS001,"미미로린스 씬트 리메인 프로테인 헤어 세럼 - 프리지아 로맨스","미미로린스 씬트 리메인 프로테인 헤어 세럼 - 프리지아 로맨스 [100ml]",-3,W104,,1
MLHS002,"미미로린스 씬트 리메인 프로테인 헤어 세럼 - 프레쉬 라임","미미로린스 씬트 리메인 프로테인 헤어 세럼 - 프레쉬 라임 [100ml]",-14,W104,,1
MLHS003,"미미로린스 씬트 리메인 프로테인 헤어 세럼 - 어딕씨옹","미미로린스 씬트 리메인 프로테인 헤어 세럼 - 어딕씨옹 [100ml]",-2,W104,,1
MLHS005,"미미로린스 씬트 리메인 프로테인 헤어 세럼 - 라즈베리앤만다린",100ml,0,W104,,1
MLHW001,"미미로린스 모먼트 플랜트 핸드워시- 헤이그린","미미로린스 모먼트 플랜트 핸드워시- 헤이그린 [500mL]",763,W104,,1
MLHW002,"미미로린스 모먼트 플랜트 핸드워시- 베리비트","미미로린스 모먼트 플랜트 핸드워시- 베리비트 [500mL]",1078,W104,,1
MLHW003,"미미로린스 모먼트 플랜트 핸드워시- 해피텐져린","미미로린스 모먼트 플랜트 핸드워시- 해피텐져린 [500mL]",2201,W104,,1
MLHW004,"미미로린스 모먼트 플랜트 핸드워시- 퓨어피치","미미로린스 모먼트 플랜트 핸드워시- 퓨어피치 [500mL]",1026,W104,,1
MLLS001,"미미로린스 하니수플레 리퀴드 핸드솝- 프리지아 로맨스",500ml,0,W104,,1
MLLS002,"미미로린스 하니수플레 리퀴드 핸드솝- 프레쉬 라임",500ml,0,W104,,1
MLLS003,"미미로린스 하니수플레 리퀴드 핸드솝- 퀸스 플라워","미미로린스 하니수플레 리퀴드 핸드솝- 퀸스 플라워 [500ml]",-39,W104,,1
MLLS004,"미미로린스 하니수플레 리퀴드 핸드솝- 우드 세이지","미미로린스 하니수플레 리퀴드 핸드솝- 우드 세이지 [500ml]",-15,W104,,1
MLLS005,"미미로린스 하니수플레 리퀴드 핸드솝- 세인트 로즈","미미로린스 하니수플레 리퀴드 핸드솝- 세인트 로즈 [500ml]",-1,W104,,1
MLLS006,"미미로린스 하니수플레 리퀴드 핸드솝- 네트와제",500ml,0,W104,,1
MLPF001,"미미로린스 모먼트 오디너리 퍼퓸 NO.01 이노센트","미미로린스 모먼트 오디너리 퍼퓸 NO.01 이노센트 [20ml]",144,W104,,1
MLPF002,"미미로린스 모먼트 오디너리 퍼퓸 NO.02 스윗피","미미로린스 모먼트 오디너리 퍼퓸 NO.02 스윗피 [20ml]",-1506,W104,,1
MLPF003,"미미로린스 모먼트 오디너리 퍼퓸 NO.03 프레쉬코튼","미미로린스 모먼트 오디너리 퍼퓸 NO.03 프레쉬코튼 [20ml]",-539,W104,,1
MLPF004,"미미로린스 모먼트 오디너리 퍼퓸 NO.04 로즈부쉬","미미로린스 모먼트 오디너리 퍼퓸 NO.04 로즈부쉬 [20ml]",545,W104,,1
MLPF005,"미미로린스 모먼트 오디너리 퍼퓸 NO.05 멜리플루어스","미미로린스 모먼트 오디너리 퍼퓸 NO.05 멜리플루어스 [20ml]",-1065,W104,,1
MLPF006,"미미로린스 모먼트 래디언스 퍼퓸- 애프터 레인","미미로린스 모먼트 래디언스 퍼퓸- 애프터 레인 [48ml]",515,W104,,1
MLPF007,"미미로린스 모먼트 래디언스 퍼퓸- 아로마틱 리플렉션","미미로린스 모먼트 래디언스 퍼퓸- 아로마틱 리플렉션 [48ml]",856,W104,,1
MLPF008,"미미로린스 모먼트 래디언스 퍼퓸- 드로우 인 선셋","미미로린스 모먼트 래디언스 퍼퓸- 드로우 인 선셋 [48ml]",795,W104,,1
MLPF009,"미미로린스 모먼트 래디언스 퍼퓸- 테르","미미로린스 모먼트 래디언스 퍼퓸- 테르 [48ml]",776,W104,,1
MLPG001,"미미로린스 모먼트 퍼퓸- 시트러스 베르가미아","미미로린스 모먼트 퍼퓸- 시트러스 베르가미아 [15ml]",-15,W104,,1
MLPG002,"미미로린스 모먼트 퍼퓸- 멜리플루어스","미미로린스 모먼트 퍼퓸- 멜리플루어스 [15ml]",13,W104,,1
MLPG003,"미미로린스 모먼트 퍼퓸- 스칼렛","미미로린스 모먼트 퍼퓸- 스칼렛 [15ml]",82,W104,,1
MLPG004,"미미로린스 모먼트 퍼퓸- 프루티쥬시","미미로린스 모먼트 퍼퓸- 프루티쥬시 [15ml]",164,W104,,1
MLPG005,"미미로린스 모먼트 퍼퓸- 우드세이지","미미로린스 모먼트 퍼퓸- 우드세이지 [15ml]",2811,W104,,1
MLPP000,미미로린스휴대용파우치,미미로린스휴대용파우치,-673,W106,,1
MLPP001,"미미로린스 모먼트 시크릿 푸 퍼퓸- 라즈베리 만다린","미미로린스 모먼트 시크릿 푸 퍼퓸- 라즈베리 만다린 [50ml]",-56,W104,,1
MLPP002,"미미로린스 모먼트 시크릿 푸 퍼퓸- 시트러스 베르가못",50ml,0,W104,,1
MLRB001,"미미로린스 쇼핑백 리본","미미로린스 쇼핑백 리본",2894,W106,,1
MLRB002,"(리본)로즈마인 홈폴리쉬 드레스 퍼퓸 3개입",,0,W104,,1
MLRM001,"미미로린스 씬트리메인 룸 미스트 - 프리지아 로맨스",,0,W104,,1
MLRM003,"미미로린스 씬트리메인 룸 미스트 - 퀸스 플라워",,0,W104,,1
MLRM004,"미미로린스 씬트리메인 룸 미스트 - 주스 드 시트론",,0,W104,,1
MLRS001,"미미로린스 씬트 리메인 프로테인 컨디셔너 - 프리지아 로맨스",,0,W104,,1
MLRS002,"미미로린스 씬트 리메인 프로테인 컨디셔너 - 프레쉬 라임",,0,W104,,1
MLRS003,"미미로린스 씬트 리메인 프로테인 컨디셔너 - 어딕씨옹",,0,W104,,1
MLRS004,"미미로린스 씬트 리메인 프로테인 컨디셔너 - 퀸스 플라워",,0,W104,,1
MLRS005,"미미로린스 모먼트 릴렉스 헤어 컨디셔너 그린 블리스","미미로린스 모먼트 릴렉스 헤어 컨디셔너 그린 블리스 [500 ml]",3,W104,,1
MLSC024,"미미로린스 씬트리메인 그랜드 그레이트 자 캔들 - 망고앤구아바",580g,0,W104,,1
MLSC025,"미미로린스 씬트리메인 그랜드 그레이트 자 캔들 - 미드나잇",580g,0,W104,,1
MLSC026,"미미로린스 씬트리메인 그랜드 그레이트 자 캔들 - 앰버라벤더",580g,0,W104,,1
MLSC027,"미미로린스 씬트리메인 그랜드 그레이트 자 캔들 - 퀸스플라워",580g,0,W104,,1
MLSP001,"미미로린스 씬트 리메인 프로테인 샴푸 - 프리지아 로맨스",300ml,0,W104,,1
MLSP002,"미미로린스 씬트 리메인 프로테인 샴푸 - 프레쉬 라임",300ml,0,W104,,1
MLSP004,"미미로린스 씬트 리메인 프로테인 샴푸 - 퀸스 플라워",300ml,0,W104,,1
MLSP005,"미미로린스 모먼트 릴렉스 헤어 샴푸 그린 블리스","미미로린스 모먼트 릴렉스 헤어 샴푸 그린 블리스 [500 ml]",2,W104,,1
MLSPB01,"미미로린스 씬트 리메인 프로테인 샴푸 - 프리지아 로맨스",1000ml,0,W104,,1
MLSPB03,"미미로린스 씬트 리메인 프로테인 샴푸 - 어딕씨옹",1000ml,0,W104,,1
MLSPB04,"미미로린스 씬트 리메인 프로테인 샴푸 - 퀸스 플라워",1000ml,0,W104,,1
MLST003,"미미로린스 씬트 리메인 사쉐 - 화이트 코튼",,0,W104,,1
MLST004,"미미로린스 씬트 리메인 사쉐 - 에이프릴",7g,0,W104,,1
MLXX05T,"미미로린스 씬트 리메인 실크 모이스처 바디 5종세트",,0,W104,,1
MLXX5T2,"미미로린스 실크모이스처 퍼퓸드 바디5종세트_머스크엣머스크",,0,W104,,1
MNHT000,"모나 플러스 헤어토닉액","모나 플러스 헤어토닉액 [100ml 제조원: 그레이스씨앤티]",-1,W106,,1
MNSP000,"모나 샴푸액","모나 샴푸액 [480ml 제조원: 그레이스씨앤티]",-2,W106,,1
MRSC001,"마르샹 바디베일 (프레쉬 그린)","마르샹 바디베일 (프레쉬 그린)",-104,W104,,1
MRSC002,"마르샹 바디베일 (플로럴 퍼플)",,0,W104,,1
MST2T04,"미미로린스 씬트 리메인 사쉐 - 에이프릴","미미로린스 씬트 리메인 사쉐 - 에이프릴 [7g*2 (세트)]",-18,W104,,1
MST2T09,"미미로린스 씬트 리메인 사쉐 - 네트와제","미미로린스 씬트 리메인 사쉐 - 네트와제 [7g*2 (세트)]",-45,W104,,1
MST2T11,"미미로린스 씬트 리메인 사쉐 - 얼그레이&라임","미미로린스 씬트 리메인 사쉐 - 얼그레이&라임 [7g*2 (세트)]",-36,W104,,1
NABCN10,"뉴 아로마 마일드샤워 바디클렌저 - 퍼퓸 가든로즈","뉴 아로마 마일드샤워 바디클렌저 - 퍼퓸 가든로즈",-25,W104,,1
NPBC001,"나뚜리아 퓨어 바디워시 (크렌베리 앤 오렌지)","나뚜리아 퓨어 바디워시 (크렌베리 앤 오렌지) [750ml]",1433,W104,,1
NPBC002,"나뚜리아 퓨어 바디워시 (와일드민트 앤 라임)","나뚜리아 퓨어 바디워시 (와일드민트 앤 라임) [750ml]",1228,W104,,1
NPBC003,"나뚜리아 퓨어 바디워시 (로즈 앤 로즈마리)","나뚜리아 퓨어 바디워시 (로즈 앤 로즈마리) [750ml]",1234,W104,,1
NPBC004,"나뚜리아 퓨어 바디워시 (허니 앤 화이트릴리)","나뚜리아 퓨어 바디워시 (허니 앤 화이트릴리) [750ml]",1259,W104,,1
NPBC005,"에바스 나뚜리아 크리미 밀크 바디워시- 밀크미","에바스 나뚜리아 크리미 밀크 바디워시- 밀크미 [750ml]",903,W104,,1
NPBC006,"에바스 나뚜리아 크리미 밀크 바디워시- 쏘바닐라","에바스 나뚜리아 크리미 밀크 바디워시- 쏘바닐라 [750ml]",1358,W104,,1
NPBC007,"에바스 나뚜리아 크리미 밀크 바디워시- 초코라떼","에바스 나뚜리아 크리미 밀크 바디워시- 초코라떼 [750ml]",1191,W104,,1
NPBC008,"에바스 나뚜리아 크리미 밀크 바디워시- 그린티","에바스 나뚜리아 크리미 밀크 바디워시- 그린티 [750ml]",780,W104,,1
NPBC009,"에바스 나뚜리아 크리미 밀크 바디워시- 휘그펄프","에바스 나뚜리아 크리미 밀크 바디워시- 휘그펄프 [750ml]",1810,W104,,1
NPBCT01,"나뚜리아 퓨어 바디워시 (크렌베리 앤 오렌지)","100ml / 튜브",0,W104,,1
NPBCT02,"나뚜리아 퓨어 바디워시 (와일드민트 앤 라임)","100ml / 튜브",0,W104,,1
NPBCT03,"나뚜리아 퓨어 바디워시 (로즈 앤 로즈마리)","나뚜리아 퓨어 바디워시 (로즈 앤 로즈마리) [100ml / 튜브]",1204,W104,,1
NPBCT04,"나뚜리아 퓨어 바디워시 (허니 앤 화이트릴리)","100ml / 튜브",0,W104,,1
NPSS001,"에바스 나뚜리아 크리미 오일 솔트 스크럽- 밀크미","에바스 나뚜리아 크리미 오일 솔트 스크럽- 밀크미 [250g]",-330,W104,,1
NPSS002,"에바스 나뚜리아 크리미 오일 솔트 스크럽- 쏘바닐라","에바스 나뚜리아 크리미 오일 솔트 스크럽- 쏘바닐라 [250g]",-314,W104,,1
NPSS003,"에바스 나뚜리아 크리미 오일 솔트 스크럽- 초코라떼",250g,0,W104,,1
NPSS004,"에바스 나뚜리아 크리미 오일 솔트 스크럽- 그린티",250g,0,W104,,1
NPSS005,"에바스 나뚜리아 크리미 오일 솔트 스크럽- 휘그펄프","에바스 나뚜리아 크리미 오일 솔트 스크럽- 휘그펄프 [250g]",-159,W104,,1
PDBC001,"페디슨 데오 드 바디클렌저","페디슨 데오 드 바디클렌저 [750ml]",1905,W104,,1
PDBC002,"페디슨 데오 드 바디클렌저 패션프루츠","페디슨 데오 드 바디클렌저 패션프루츠 [750ml]",1223,W104,,1
PDBC003,"페디슨 인스티튜트-보떼 망고리치 밸런싱 바디워시","페디슨 인스티튜트-보떼 망고리치 밸런싱 바디워시 [2000ml]",1102,W104,,1
PDBC004,"페디슨 인스티튜트-보떼 자몽 핑크 밸런싱 바디워시","페디슨 인스티튜트-보떼 자몽 핑크 밸런싱 바디워시 [2000ml]",2163,W104,,1
PDBCT01,"페디슨 데오 드 바디클렌저","페디슨 데오 드 바디클렌저 [100ml / 튜브]",-311,W104,,1
PDBL001,"페디슨 더마 프로 311 바디로션","페디슨 더마 프로 311 바디로션 [2000ml]",1030,W104,,1
PDBLB00,"페디슨 뉴트리티브 세라마이드 바디로션","페디슨 뉴트리티브 세라마이드 바디로션 [1500ml]",-27,W104,,1
PDCGT01,"페디슨 클린파인 겔 (그린)","페디슨 클린파인 겔 (그린) [30ml (제조원: 제이앤제약)]",718,W106,,1
PDCO001,"페디슨 아로마틱 넥타 클렌징오일","페디슨 아로마틱 넥타 클렌징오일 [300ml]",-1,W104,,1
PDDO001,"페디슨 두 질세정기","페디슨 두 질세정기 [50ml]",-101,W106,,1
PDFC001,"페디슨 아로마틱 카밍 클렌징 폼","페디슨 아로마틱 카밍 클렌징 폼 [150ml]",173,W104,,1
PDFO001,"페디슨 아로마틱 페이스오일- 로즈마리","페디슨 아로마틱 페이스오일- 로즈마리 [50ml]",-32,W104,,1
PDFO002,"페디슨 아로마틱 페이스오일- 라벤더","페디슨 아로마틱 페이스오일- 라벤더 [50ml]",-99,W104,,1
PDFO003,"페디슨 아로마틱 페이스오일- 만다린","페디슨 아로마틱 페이스오일- 만다린 [50ml]",-54,W104,,1
PDFOP03,"페디슨 아로마틱 페이스오일- 만다린","페디슨 아로마틱 페이스오일- 만다린 [2ml (파우치)]",-203,W104,,1
PDHM001,"페디슨 인스티튜트 보떼 아르간&퍼퓸 헤어 미스트- 로맨틱","페디슨 인스티튜트 보떼 아르간&퍼퓸 헤어 미스트- 로맨틱 [140ml]",474,W104,,1
PDHM002,"페디슨 인스티튜트 보떼 아르간&퍼퓸 헤어 미스트- 소프트","페디슨 인스티튜트 보떼 아르간&퍼퓸 헤어 미스트- 소프트 [140ml]",666,W104,,1
PDHM003,"페디슨 인스티튜트 보떼 아르간&퍼퓸 헤어 미스트- 블루밍","페디슨 인스티튜트 보떼 아르간&퍼퓸 헤어 미스트- 블루밍 [140ml]",382,W104,,1
PDHS001,"페디슨 인스티튜트 보떼 아르간&퍼퓸 헤어세럼- 로맨틱","페디슨 인스티튜트 보떼 아르간&퍼퓸 헤어세럼- 로맨틱 [130ml]",537,W104,,1
PDHS002,"페디슨 인스티튜트 보떼 아르간&퍼퓸 헤어세럼- 소프트","페디슨 인스티튜트 보떼 아르간&퍼퓸 헤어세럼- 소프트 [130ml]",228,W104,,1
PDHS003,"페디슨 인스티튜트 보떼 아르간&퍼퓸 헤어세럼- 블루밍","페디슨 인스티튜트 보떼 아르간&퍼퓸 헤어세럼- 블루밍 [130ml]",273,W104,,1
PDHS004,"페디슨 인스티튜트 보떼 아르간&퍼퓸 헤어세럼- 러브","페디슨 인스티튜트 보떼 아르간&퍼퓸 헤어세럼- 러브 [130ml]",1596,W104,,1
PDHS005,"페디슨 인스티튜트 보떼 아르간&퍼퓸 헤어세럼- 프레쉬","페디슨 인스티튜트 보떼 아르간&퍼퓸 헤어세럼- 프레쉬 [130ml]",446,W104,,1
PDIC000,"페디슨 뉴트리티브 인퓨젼 크림","페디슨 뉴트리티브 인퓨젼 크림 [120ml]",-29,W104,,1
PDICM00,"페디슨 뉴트리티브 인퓨젼 크림 (견본)","페디슨 뉴트리티브 인퓨젼 크림 (견본) [15ml]",-1,W104,,1
PDIR000,"페디슨 메터니티 퓨어 페미닌 클렌저 (밸런스 케어)","페디슨 메터니티 퓨어 페미닌 클렌저 (밸런스 케어) [200g (거품)]",2908,W104,,1
PDIR001,"페디슨 메터니티 퓨어 페미닌 클렌저 (밸런스 케어 베이직)","페디슨 메터니티 퓨어 페미닌 클렌저 (밸런스 케어 베이직) [300ml (펌프)]",1547,W104,,1
PDIR002,"페디슨 메터니티 퓨어 페미닌 클렌저 (플로랄 자무)","페디슨 메터니티 퓨어 페미닌 클렌저 (플로랄 자무) [200g (거품)]",2565,W104,,1
PDIR003,"페디슨 메터니티 퓨어 페미닌 클렌저 (플로랄 자무 베이직)","페디슨 메터니티 퓨어 페미닌 클렌저 (플로랄 자무 베이직) [300ml (펌프)]",1712,W104,,1
PDIR004,"페디슨 메터니티 퓨어 페미닌 클렌저 (오리엔탈 허브)","페디슨 메터니티 퓨어 페미닌 클렌저 (오리엔탈 허브) [200g (거품)]",2245,W104,,1
PDIR005,"페디슨 메터니티 퓨어 페미닌 클렌저 (오리엔탈 허브 베이직)","페디슨 메터니티 퓨어 페미닌 클렌저 (오리엔탈 허브 베이직) [300ml (펌프)]",1970,W104,,1
PDIR006,"페디슨 메터니티 퓨어 페미닌 클렌저 (알로에&콜라겐)","페디슨 메터니티 퓨어 페미닌 클렌저 (알로에&콜라겐) [200g (거품)]",1349,W104,,1
PDIR007,"페디슨 메터니티 퓨어 페미닌 클렌저 (알로에&콜라겐 베이직)","페디슨 메터니티 퓨어 페미닌 클렌저 (알로에&콜라겐 베이직) [300ml (펌프)]",1390,W104,,1
PDIR008,"페디슨 메터니티 퓨어 페미닌 클렌저 (허니 프로폴리스)","페디슨 메터니티 퓨어 페미닌 클렌저 (허니 프로폴리스) [200g (거품)]",3715,W104,,1
PDIR009,"페디슨 메터니티 퓨어 페미닌 클렌저 (허니 프로폴리스 베이직)","페디슨 메터니티 퓨어 페미닌 클렌저 (허니 프로폴리스 베이직) [300ml (펌프)]",3363,W104,,1
PDIR010,"페디슨 두 프레쉬 소다 페미닌 클렌져 (베이직)","페디슨 두 프레쉬 소다 페미닌 클렌져 (베이직) [300ml (펌프)]",2156,W104,,1
PDIR011,"페디슨 락토 플로라 릴리프 페미닌 클렌저","페디슨 락토 플로라 릴리프 페미닌 클렌저 [200g (거품용기)]",2760,W104,,1
PDIR012,"페디슨 락토 그린 리프레쉬 페미닌 클렌저","페디슨 락토 그린 리프레쉬 페미닌 클렌저 [200g (거품용기)]",2825,W104,,1
PDLB001,"페디슨 뉴트리티브 인퓨젼 립 수딩 밤",,0,W104,,1
PDML001,"페디슨 뉴트리티브 인퓨전 모이스처 로션","페디슨 뉴트리티브 인퓨전 모이스처 로션 [500ml]",-20,W104,,1
PDRS000,"페디슨 인스티튜트 보떼 모링가&프로테인 컨디셔너",4000ml,0,W104,,1
PDRS001,"페디슨 인스티튜트 보떼 한방 뿌리 케어 컨디셔너","페디슨 인스티튜트 보떼 한방 뿌리 케어 컨디셔너 [750ml]",1507,W104,,1
PDRS002,"페디슨 인스티튜트 보떼 로즈마리&민트 두피 컨디셔너","페디슨 인스티튜트 보떼 로즈마리&민트 두피 컨디셔너 [4000ml]",-1,W104,,1
PDRS003,"페디슨 인스티튜트-보떼 프로폴리스 LPP 트리트먼트","페디슨 인스티튜트-보떼 프로폴리스 LPP 트리트먼트 [2000ml]",817,W104,,1
PDRS004,"페디슨 인스티튜트-보떼 망고리치 LPP 트리트먼트","페디슨 인스티튜트-보떼 망고리치 LPP 트리트먼트 [2000ml]",1362,W104,,1
PDRS005,"페디슨 인스티튜트 보떼 엔젤스 아보카도 컨디셔너","페디슨 인스티튜트 보떼 엔젤스 아보카도 컨디셔너 [4000ml]",-2,W104,,1
PDRS006,"페디슨 인스티튜트-보떼 아로니아 컬러 프로텍션 트리트먼트","페디슨 인스티튜트-보떼 아로니아 컬러 프로텍션 트리트먼트 [2000ml]",1522,W104,,1
PDRS007,"페디슨 인스티튜트 보떼 아미노 카렌듈라 컨디셔너","페디슨 인스티튜트 보떼 아미노 카렌듈라 컨디셔너 [4000ml]",-4,W104,,1
PDRSM03,"페디슨 인스티튜트-보떼 프로폴리스 LPP 트리트먼트","페디슨 인스티튜트-보떼 프로폴리스 LPP 트리트먼트 [500ml]",-68,W104,,1
PDRSM04,"페디슨 인스티튜트-보떼 망고리치 LPP 트리트먼트","페디슨 인스티튜트-보떼 망고리치 LPP 트리트먼트 [500ml]",371,W104,,1
PDRSM06,"페디슨 인스티튜트-보떼 아로니아 컬러 프로텍션 트리트먼트","페디슨 인스티튜트-보떼 아로니아 컬러 프로텍션 트리트먼트 [500ml]",-106,W104,,1
PDRST03,"페디슨 인스티튜트-보떼 프로폴리스 LPP 트리트먼트","페디슨 인스티튜트-보떼 프로폴리스 LPP 트리트먼트 [100ml]",-220,W104,,1
PDRST04,"페디슨 인스티튜트-보떼 망고리치 LPP 트리트먼트","페디슨 인스티튜트-보떼 망고리치 LPP 트리트먼트 [100ml]",1796,W104,,1
PDRST06,"페디슨 인스티튜트-보떼 아로니아 컬러 프로텍션 트리트먼트","페디슨 인스티튜트-보떼 아로니아 컬러 프로텍션 트리트먼트 [100ml]",-1836,W104,,1
PDSA000,"페디슨 매터니티 에스 블렌드 아로마","페디슨 매터니티 에스 블렌드 아로마",-2,W104,,1
PDSG002,"페디슨 메터니티 에스 모이스트 겔 (자무)","페디슨 메터니티 에스 모이스트 겔 (자무)",-12,W104,,1
PDSG004,"페디슨 뉴트리티브 인퓨젼 수딩젤","페디슨 뉴트리티브 인퓨젼 수딩젤 [120ml]",-566,W104,,1
PDSL001,"페디슨 아로마틱 카밍 토너","페디슨 아로마틱 카밍 토너 [500ml]",-96,W104,,1
PDSP002,"페디슨 인스티튜트 보떼 모링가&프로테인 샴푸","페디슨 인스티튜트 보떼 모링가&프로테인 샴푸 [4000ml]",-5,W104,,1
PDSP003,"페디슨 인스티튜트 보떼 한방 뿌리 케어 샴푸","페디슨 인스티튜트 보떼 한방 뿌리 케어 샴푸 [750ml]",2516,W104,,1
PDSP005,"페디슨 인스티튜트-보떼 프로폴리스 단백질 샴푸","페디슨 인스티튜트-보떼 프로폴리스 단백질 샴푸 [2000ml]",480,W104,,1
PDSP006,"페디슨 인스티튜트-보떼 망고리치 단백질 샴푸","페디슨 인스티튜트-보떼 망고리치 단백질 샴푸 [2000ml]",5,W104,,1
PDSP007,"페디슨 인스티튜트 보떼 아르간&퍼퓸 오일 샴푸- 로맨틱","페디슨 인스티튜트 보떼 아르간&퍼퓸 오일 샴푸- 로맨틱 [480ml]",-19,W104,,1
PDSP008,"페디슨 인스티튜트 보떼 엔젤스 아보카도 샴푸",4000ml,0,W104,,1
PDSP009,"페디슨 인스티튜트-보떼 아로니아 컬러 프로텍션 샴푸","페디슨 인스티튜트-보떼 아로니아 컬러 프로텍션 샴푸 [2000ml]",562,W104,,1
PDSPM05,"페디슨 인스티튜트-보떼 프로폴리스 단백질 샴푸","페디슨 인스티튜트-보떼 프로폴리스 단백질 샴푸 [500ml]",1676,W104,,1
PDSPM06,"페디슨 인스티튜트-보떼 망고리치 단백질 샴푸","페디슨 인스티튜트-보떼 망고리치 단백질 샴푸 [500ml]",914,W104,,1
PDSPM09,"페디슨 인스티튜트-보떼 아로니아 컬러 프로텍션 샴푸","페디슨 인스티튜트-보떼 아로니아 컬러 프로텍션 샴푸 [500ml]",1895,W104,,1
PDSPT05,"페디슨 인스티튜트-보떼 프로폴리스 단백질 샴푸","페디슨 인스티튜트-보떼 프로폴리스 단백질 샴푸 [100ml]",-248,W104,,1
PDSPT06,"페디슨 인스티튜트-보떼 망고리치 단백질 샴푸","페디슨 인스티튜트-보떼 망고리치 단백질 샴푸 [100ml]",50,W104,,1
PDSPT09,"페디슨 인스티튜트-보떼 아로니아 컬러 프로텍션 샴푸","페디슨 인스티튜트-보떼 아로니아 컬러 프로텍션 샴푸 [100ml]",-320,W104,,1
PDTS001,"페디슨 퓨어 페미닌 차전궁 티슈","페디슨 퓨어 페미닌 차전궁 티슈 [115g / 20매]",-9,W106,,1
PTAP001,"판테스틱 더마 시카 에이씨 수딩 앰플","판테스틱 더마 시카 에이씨 수딩 앰플 [250ml]",-4,W104,,1
PTBC002,"판테스틱 더마 시카 아크네 클렌저","판테스틱 더마 시카 아크네 클렌저 [500ml]",-73,W104,,1
PTBCP01,"판테스틱 더마 아크네 클렌저","판테스틱 더마 아크네 클렌저 [파우치/ 5g]",8467,W104,,1
PTBL001,"판테스틱 더마 시카 AC로션","판테스틱 더마 시카 AC로션 [500ml]",-2,W104,,1
PTBLP01,"판테스틱 더마 시카 AC로션","판테스틱 더마 시카 AC로션 [파우치/ 5g]",6283,W104,,1
PTEF001,"판테스틱 원더필 하이드라 뮤신 이펙터","판테스틱 원더필 하이드라 뮤신 이펙터 [35ml]",-98,W104,,1
PTEF002,"판테스틱 원더필 써마필 이펙터","판테스틱 원더필 써마필 이펙터 [35ml]",-423,W104,,1
PTEF003,"판테스틱 원더필 클리어링 이펙터","판테스틱 원더필 클리어링 이펙터 [35ml]",-1010,W104,,1
PTFC001,"판테스틱 더마 시카 아크네 클렌징폼","판테스틱 더마 시카 아크네 클렌징폼 [140ml]",2079,W104,,1
PTGB001,"판테스틱 탑 원 6978 글로우 밤- 코라","판테스틱 탑 원 6978 글로우 밤- 코라 [3.5g]",0,W106,,1
PTGB002,"판테스틱 탑 원 6978 글로우 밤- 리브","판테스틱 탑 원 6978 글로우 밤- 리브 [3.5g]",0,W106,,1
PTMT001,"판테스틱 더마 시카 에이씨 컨트롤 미스트",260ml,0,W104,,1
PTPW001,"판테스틱 더마 시카 파우더","판테스틱 더마 시카 파우더 [7g]",84,W104,,1
PTPW002,"판테스틱 더마 비타 파우더","판테스틱 더마 비타 파우더 [7g]",-15,W104,,1
PTSS001,"판테스틱 더마 안티세범 선스틱","판테스틱 더마 안티세범 선스틱 [22g]",-18,W106,,1
PVMSS0010,"밸르모나 얼쓰테라피 스칼프 스켈러",15ml,0,W104,,1
RABC004,"로즈마인 아로마 리 고요 바디워시","로즈마인 아로마 리 고요 바디워시 [300 ml]",-1,W104,,1
RABD2T1,"로즈마인 아로마 리 고요 바디 세트 (2종)","로즈마인 아로마 리 고요 바디 세트 (2종) [워시300ml+로션300ml]",581,W104,,1
RABL004,"로즈마인 아로마 리 고요 바디로션","로즈마인 아로마 리 고요 바디로션 [300 ml]",-1,W104,,1
RLBC001,"로즈마인 라파밀리에 바디워시- 로즈마인5","1000 ml",0,W104,,1
RLBC002,"로즈마인 라파밀리에 바디워시- 플로랄파우더","1000 ml",0,W104,,1
RLBL001,"로즈마인 라파밀리에 바디 모이스처 - 로즈마인5","1000 ml",0,W104,,1
RLBL002,"로즈마인 라파밀리에 바디 모이스처 - 플로랄파우더","1000 ml",0,W104,,1
RMBL000,"로즈마인 스팀 소프트 바디로션 - 가든로즈",300ml,0,W104,,1
RMBL001,"로즈마인 퍼퓸드 바디로션 - 플로랄 어도르","로즈마인 퍼퓸드 바디로션 - 플로랄 어도르 [1000ml]",1372,W104,,1
RMBL002,"로즈마인 퍼퓸드 바디로션 - 쁘띠 베이비","로즈마인 퍼퓸드 바디로션 - 쁘띠 베이비 [1000ml]",1118,W104,,1
RMBL003,"로즈마인 퍼퓸드 바디로션 - 글래밍 비쥬","로즈마인 퍼퓸드 바디로션 - 글래밍 비쥬 [1000ml]",1166,W104,,1
RMBL004,"로즈마인 퍼퓸드 바디로션 - 머스크 앤 머스크","로즈마인 퍼퓸드 바디로션 - 머스크 앤 머스크 [1000ml]",1156,W104,,1
RMBL005,"로즈마인 퍼퓸드 바디로션 - 프레쉬 그린티","로즈마인 퍼퓸드 바디로션 - 프레쉬 그린티 [1000ml]",-9,W104,,1
RMBL006,"로즈마인 퍼퓸드 바디로션 - 블레싱 블러썸","로즈마인 퍼퓸드 바디로션 - 블레싱 블러썸 [1000ml]",1224,W104,,1
RMBL007,"로즈마인 퍼퓸드 바디로션 - 메이비","로즈마인 퍼퓸드 바디로션 - 메이비 [1000ml]",21,W104,,1
RMBL012,"로즈마인 휘핑밀크 바디로션 - 나나즈릴리","로즈마인 휘핑밀크 바디로션 - 나나즈릴리 [300ml]",-4,W104,,1
RMBL014,"로즈마인 퍼퓸드 바디로션 - 모링가","로즈마인 퍼퓸드 바디로션 - 모링가 [1000ml]",438,W104,,1
RMBL015,"로즈마인 퍼퓸드 바디로션 - 가든로즈","로즈마인 퍼퓸드 바디로션 - 가든로즈 [1000ml]",-7,W104,,1
RMBL016,"로즈마인 퍼퓸드 바디로션 - 러브센세이션","로즈마인 퍼퓸드 바디로션 - 러브센세이션 [1000ml]",-2,W104,,1
RMBL017,"로즈마인 퍼퓸드 바디로션 - 클래식",1000ml,0,W104,,1
RMBL021,"로즈마인 퍼퓸드 바디로션- 퍼플글로우","로즈마인 퍼퓸드 바디로션- 퍼플글로우 [1000ml]",-3,W104,,1
RMBL023,"로즈마인 퍼퓸드 바디로션- 골든플라워","로즈마인 퍼퓸드 바디로션- 골든플라워 [1000ml]",-2,W104,,1
RMBLM21,"로즈마인 퍼퓸드 바디로션- 퍼플글로우","로즈마인 퍼퓸드 바디로션- 퍼플글로우 [500ml]",-7,W104,,1
RMBLM22,"로즈마인 퍼퓸드 바디로션- 블루하와이","로즈마인 퍼퓸드 바디로션- 블루하와이 [500ml]",-2,W104,,1
RMBLM23,"로즈마인 퍼퓸드 바디로션- 골든플라워","로즈마인 퍼퓸드 바디로션- 골든플라워 [500ml]",-6,W104,,1
RMBLM24,"로즈마인 퍼퓸드 바디로션- 핑크레이디","로즈마인 퍼퓸드 바디로션- 핑크레이디 [500ml]",-40,W104,,1
RMBLP03,"로즈마인 퍼퓸드 바디로션 - 글래밍 비쥬","로즈마인 퍼퓸드 바디로션 - 글래밍 비쥬 [4g/파우치]",8864,W104,,1
RMBLP21,"로즈마인 퍼퓸드 바디로션- 퍼플글로우(파우치)","로즈마인 퍼퓸드 바디로션- 퍼플글로우(파우치) [4g/파우치]",10789,W104,,1
RMDM001,"로즈마인 홈폴리쉬 드레스 퍼퓸 - 체리베리폼",300ml,0,W104,,1
RMHC000,"로즈마인 스팀 소프트 핸드크림 - 가든로즈",100ml,0,W104,,1
RMHC001,"로즈마인 퍼퓸드 핸드크림 가든 로즈","로즈마인 퍼퓸드 핸드크림 가든 로즈",4828,W104,,1
RMHC002,"로즈마인 퍼퓸드 핸드크림 패션 프룻","로즈마인 퍼퓸드 핸드크림 패션 프룻",5728,W104,,1
RMHC003,"로즈마인 퍼퓸드 핸드크림 쁘띠 베이비","로즈마인 퍼퓸드 핸드크림 쁘띠 베이비",3286,W104,,1
RMHC007,"로즈마인 퍼퓸드 핸드크림 헤스페리데스","로즈마인 퍼퓸드 핸드크림 헤스페리데스",5304,W104,,1
RMHC008,"로즈마인 퍼퓸드 핸드크림 나나즈 릴리","로즈마인 퍼퓸드 핸드크림 나나즈 릴리",5391,W104,,1
RMHC010,"로즈마인 퍼퓸드 핸드크림 머스크 앤 머스크","로즈마인 퍼퓸드 핸드크림 머스크 앤 머스크",-366,W104,,1
RMHC015,"로즈마인 퍼퓸드 핸드크림- 모링가","로즈마인 퍼퓸드 핸드크림- 모링가",2905,W104,,1
RMHC016,"로즈마인 퍼퓸드 핸드크림- 머스크앤머스크2","로즈마인 퍼퓸드 핸드크림- 머스크앤머스크2",3041,W104,,1
RMHC017,"로즈마인 퍼퓸드 핸드크림- 클래식","로즈마인 퍼퓸드 핸드크림- 클래식",6694,W104,,1
RMHC018,"로즈마인 퍼퓸드 핸드크림- 오, 프레쉬","로즈마인 퍼퓸드 핸드크림- 오, 프레쉬",4193,W104,,1
RMHC019,"로즈마인 퍼퓸드 핸드크림- 라비에","로즈마인 퍼퓸드 핸드크림- 라비에",3515,W104,,1
RMHC3T1,"로즈마인 해피블러썸 퍼퓸드 핸드 케어 3종세트","핸드크림2개(60ml)+핸드겔(60ml)",0,W104,,1
RMHC3T3,"로즈마인 해피블러썸 퍼퓸드 핸드 케어 3종세트 (2)","핸드크림3개(60ml)",0,W104,,1
RMHC5T2,"로즈마인 퍼퓸드 핸드크림 5종 세트","60ml*5 RMHC001,007,008,016,017",0,W104,,1
RMHW001,"로즈마인 휘핑밀크 핸드워시- 가든로즈","로즈마인 휘핑밀크 핸드워시- 가든로즈 [500ml]",-107,W104,,1
RMHW002,"로즈마인 휘핑밀크 핸드워시- 패션프룻","로즈마인 휘핑밀크 핸드워시- 패션프룻 [500ml]",-15,W104,,1
RMHW003,"로즈마인 휘핑밀크 핸드워시- 쁘띠베이비","로즈마인 휘핑밀크 핸드워시- 쁘띠베이비 [500ml]",-47,W104,,1
RMMT001,"로즈마인 퍼퓸드 바디미스트- 플로랄 어도르","로즈마인 퍼퓸드 바디미스트- 플로랄 어도르 [100ml]",-3,W104,,1
RMMT004,"로즈마인 퍼퓸드 바디미스트- 헤스페리데스","로즈마인 퍼퓸드 바디미스트- 헤스페리데스 [100ml]",-46,W104,,1
RMMT005,"로즈마인 퍼퓸드 바디미스트- 나나즈 릴리","로즈마인 퍼퓸드 바디미스트- 나나즈 릴리 [100ml]",-11,W104,,1
RMMT009,"로즈마인 퍼퓸드 바디미스트- 핑크레이디",100ml,0,W104,,1
RMOP000,로즈마인５　오데퍼퓸,로즈마인５　오데퍼퓸,1681,W104,,1
RMPG001,"로즈마인 퍼퓸터치 - 블레싱 블러썸","로즈마인 퍼퓸터치 - 블레싱 블러썸",-5,W104,,1
RMPG004,"로즈마인 퍼퓸터치 - 글래밍 비쥬","로즈마인 퍼퓸터치 - 글래밍 비쥬 [13g/무펄]",-294,W104,,1
RMPG005,"로즈마인 퍼퓸터치 - 메이비","로즈마인 퍼퓸터치 - 메이비 [13g/무펄]",-19,W104,,1
RMPG006,"로즈마인 퍼퓸터치 - 스윗피","로즈마인 퍼퓸터치 - 스윗피 [13g/무펄]",-150,W104,,1
RMPG007,"로즈마인 퍼퓸터치 - 머스크 앤 머스크","로즈마인 퍼퓸터치 - 머스크 앤 머스크 [13g/무펄]",-4,W104,,1
RMPG008,"로즈마인 퍼퓸터치 - 블레싱 블러썸","로즈마인 퍼퓸터치 - 블레싱 블러썸 [13g/무펄]",-9,W104,,1
RMPG009,"로즈마인 퍼퓸터치 - 헤스페리데스","로즈마인 퍼퓸터치 - 헤스페리데스 [13g/무펄]",-1,W104,,1
RMPG010,"로즈마인 퍼퓸터치 - 핑크레이디","로즈마인 퍼퓸터치 - 핑크레이디 [13g/무펄]",-2,W104,,1
RMPG011,"로즈마인 퍼퓸터치 - 골든플라워","로즈마인 퍼퓸터치 - 골든플라워 [13g/무펄]",-39,W104,,1
RMPT002,"로즈마인 플럼피 틴트 - 프린세스 코랄","로즈마인 플럼피 틴트 - 프린세스 코랄",-2,W104,,1
RMSC002,"에바스 로즈마인 블랑쉬 샤워코롱","에바스 로즈마인 블랑쉬 샤워코롱 [185ml]",2105,W104,,1
RMSC003,"에바스 로즈마인 루지 샤워코롱","에바스 로즈마인 루지 샤워코롱 [185ml]",2345,W104,,1
RMSC004,"에바스 로즈마인 클레어 샤워코롱","에바스 로즈마인 클레어 샤워코롱 [185ml]",2410,W104,,1
RMSCN10,"로즈마인５　샤워코롱(2011)","로즈마인５　샤워코롱(2011) [185ml]",5519,W104,,1
RMSG001,"로즈마인 스팀 소프트 샤워젤 - 가든로즈 [300ml]",300ml,0,W104,,1
RMSG002,"로즈마인 스팀 소프트 샤워젤 - 밀크코튼 [300ml]",300ml,0,W104,,1
RMST001,"로즈마인 홈폴리쉬 퍼퓸 사쉐 - 미스블룸",7g,0,W104,,1
RMTS002,"로즈마인 퍼퓸드 소프트 스킨 티슈 - 글래밍 비쥬","로즈마인 퍼퓸드 소프트 스킨 티슈 - 글래밍 비쥬",-3,W104,,1
RMXX2T1,"로즈마인 해피블러썸 퍼퓸드 바디케어 2종 세트- 러브센세이션",,0,W104,,1
RMXX4T1,"로즈마인 스팀 소프트 바디 기프트 세트 (4종)","로즈마인 스팀 소프트 바디 기프트 세트 (4종) [시즌1]",2249,W104,,1
RPBC001,"로즈마인 퍼퓸드 바디워시 - 플로랄 어도르","로즈마인 퍼퓸드 바디워시 - 플로랄 어도르",799,W104,,1
RPBC002,"로즈마인 퍼퓸드 바디워시 - 쁘띠 베이비","로즈마인 퍼퓸드 바디워시 - 쁘띠 베이비",1326,W104,,1
RPBC003,"로즈마인 퍼퓸드 바디워시 - 글래밍 비쥬","로즈마인 퍼퓸드 바디워시 - 글래밍 비쥬",1628,W104,,1
RPBC004,"로즈마인 퍼퓸드 바디워시 - 머스크 앤 머스크","로즈마인 퍼퓸드 바디워시 - 머스크 앤 머스크",1136,W104,,1
RPBC006,"로즈마인 퍼퓸드 바디워시 - 블레싱 블러썸","로즈마인 퍼퓸드 바디워시 - 블레싱 블러썸",697,W104,,1
RPBC008,"로즈마인 퍼퓸드 바디워시 - 모링가","로즈마인 퍼퓸드 바디워시 - 모링가",876,W104,,1
RPBC015,"로즈마인 퍼퓸드 바디워시 - 가든로즈","로즈마인 퍼퓸드 바디워시 - 가든로즈 [1000ml]",-1,W104,,1
RPBC016,"로즈마인 퍼퓸드 바디워시 - 러브센세이션","로즈마인 퍼퓸드 바디워시 - 러브센세이션 [1000ml]",-1,W104,,1
RPBC017,"로즈마인 퍼퓸드 바디워시 - 클래식",1000ml,0,W104,,1
RPBC023,"로즈마인 퍼퓸드 바디워시- 골든플라워","로즈마인 퍼퓸드 바디워시- 골든플라워 [1000ml]",-1,W104,,1
RRBL001,"로에랑스 블리스 마이 바디 퍼퓸 로션- 문라이트","로에랑스 블리스 마이 바디 퍼퓸 로션- 문라이트 [220 ml]",2900,W104,,1
RRBL002,"로에랑스 블리스 마이 바디 퍼퓸 로션- 체리블러썸","로에랑스 블리스 마이 바디 퍼퓸 로션- 체리블러썸 [220 ml]",1808,W104,,1
RRBM001,"로에랑스 블리스 마이바디 퍼퓸미스트- 화이트머스크","로에랑스 블리스 마이바디 퍼퓸미스트- 화이트머스크 [250ml]",2498,W104,,1
RRBM002,"로에랑스 블리스 마이바디 퍼퓸미스트- 해피데이","로에랑스 블리스 마이바디 퍼퓸미스트- 해피데이 [250ml]",2832,W104,,1
RRBM003,"로에랑스 터치 마이바디 퍼퓸미스트- 파라다이스 드림","로에랑스 터치 마이바디 퍼퓸미스트- 파라다이스 드림 [250ml]",-14,W104,,1
RRBM004,"로에랑스 블리스 마이바디 퍼퓸미스트- 문라이트","로에랑스 블리스 마이바디 퍼퓸미스트- 문라이트 [250ml]",3793,W104,,1
RRBM005,"로에랑스 터치 마이바디 퍼퓸미스트- 베이비 파우더",250ml,0,W104,,1
RRBM006,"로에랑스 블리스 마이바디 퍼퓸미스트- 퓨어솝","로에랑스 블리스 마이바디 퍼퓸미스트- 퓨어솝 [250ml]",3529,W104,,1
RRBM009,"로에랑스 터치 마이바디 퍼퓸미스트- 로즈앤릴리",250ml,0,W104,,1
RRBM010,"로에랑스 블리스 마이바디 퍼퓸미스트- 블루밍","로에랑스 블리스 마이바디 퍼퓸미스트- 블루밍 [250ml]",3426,W104,,1
RRBM011,"로에랑스 블리스 마이바디 퍼퓸미스트- 엔디어링","로에랑스 블리스 마이바디 퍼퓸미스트- 엔디어링 [250ml]",3942,W104,,1
RRBM012,"로에랑스 블리스 마이바디 퍼퓸미스트- 체리블러썸","로에랑스 블리스 마이바디 퍼퓸미스트- 체리블러썸 [250ml]",3872,W104,,1
RRBM013,"로에랑스 블리스 마이바디 퍼퓸미스트- 브리즈","로에랑스 블리스 마이바디 퍼퓸미스트- 브리즈 [250ml]",3626,W104,,1
RRHW001,"로에랑스 블루밍 버블 핸드워시- 화이트머스크","로에랑스 블루밍 버블 핸드워시- 화이트머스크 [300 ml]",-2,W104,,1
RRHW002,"로에랑스 블루밍 버블 핸드워시- 문라이트","로에랑스 블루밍 버블 핸드워시- 문라이트 [300 ml]",-2,W104,,1
RRHW003,"로에랑스 블루밍 버블 핸드워시- 퓨어솝","로에랑스 블루밍 버블 핸드워시- 퓨어솝 [300 ml]",-2,W104,,1
RRHWR01,"로에랑스 블루밍 버블 핸드워시- 화이트머스크 (리필용)","250 ml",0,W104,,1
RRHWR02,"로에랑스 블루밍 버블 핸드워시- 문라이트 (리필용)","250 ml",0,W104,,1
RRHWR03,"로에랑스 블루밍 버블 핸드워시- 퓨어솝 (리필용)","250 ml",0,W104,,1
RRPM001,"로에랑스 퍼퓸 미스트- 듀","로에랑스 퍼퓸 미스트- 듀 [100ml]",189,W104,,1
RRPM002,"로에랑스 퍼퓸 미스트- 레인","로에랑스 퍼퓸 미스트- 레인 [100ml]",21,W104,,1
RRPM003,"로에랑스 퍼퓸 미스트- 나이브","로에랑스 퍼퓸 미스트- 나이브 [100ml]",25,W104,,1
RSCO000,"로즈문 리치 카멜리아(동백) 오일","로즈문 리치 카멜리아(동백) 오일 [30ml]",231,W104,,1
RSCO001,"로즈문 리치 카멜리아(동백) 오일","로즈문 리치 카멜리아(동백) 오일 [50ml]",80,W104,,1
RSCO002,"로즈문 리치 카멜리아(동백) 오일","로즈문 리치 카멜리아(동백) 오일 [9ml]",665,W104,,1
RSEX000,"로즈문 리치 카멜리아 트리트먼트 에센스","로즈문 리치 카멜리아 트리트먼트 에센스 [95 ml]",60,W104,,1
SAB-0030,"(3종쇼핑백)잔느칼망 허브 투스페이스트 어쏘티드 컬렉션 (3종세트)",오리지날1+피앤카밍1+퓨어앤샤인1,0,W104,,1
SAB-0060,"콜라겐 쇼핑백(보라색)",,0,W104,,1
SAB-0061,"프레쥬 공용 쇼핑백",,0,W104,,1
SAB-9531,"(쇼핑백)까마 옴므 아쿠아 바이오 쇼핑백","(쇼핑백)까마 옴므 아쿠아 바이오 쇼핑백 [블랙, 270*220*100 (mm)]",-56,W106,,1
SBMPN02,"밀크샴바드 패밀리 바디클렌저 환시후로랄향(2호)","밀크샴바드 패밀리 바디클렌저 환시후로랄향(2호) [910ml (펌프형)]",4,W104,,1
SBMPN03,"밀크샴바드 패밀리 바디클렌저 스파그린향(3호)","밀크샴바드 패밀리 바디클렌저 스파그린향(3호) [910ml (펌프형)]",-10,W104,,1
SBMPN05,"밀크샴바드 패밀리 바디클렌저 플로리엔탈향(5호)","밀크샴바드 패밀리 바디클렌저 플로리엔탈향(5호) [910ml (펌프형)]",-91,W104,,1
SBMPN07,"밀크샴바드 패밀리 바디클렌저 그린부케향(7호)","밀크샴바드 패밀리 바디클렌저 그린부케향(7호) [910ml (펌프형)]",-2,W104,,1
SBMPR02,"밀크샴바드 패밀리 바디클렌저 환시후로랄향(2호)","밀크샴바드 패밀리 바디클렌저 환시후로랄향(2호) [1000ml (펌프형)]",1926,W104,,1
SBMPR03,"밀크샴바드 패밀리 바디클렌저 스파그린향(3호)","밀크샴바드 패밀리 바디클렌저 스파그린향(3호) [1000ml (펌프형)]",1329,W104,,1
SBMPR05,"밀크샴바드 패밀리 바디클렌저 플로리엔탈향(5호)","밀크샴바드 패밀리 바디클렌저 플로리엔탈향(5호) [1000ml (펌프형)]",1318,W104,,1
SBMPR07,"밀크샴바드 패밀리 바디클렌저 그린부케향(7호)","밀크샴바드 패밀리 바디클렌저 그린부케향(7호) [1000ml (펌프형)]",2532,W104,,1
SCB-0657,"(원터치캡)프레쥬 유주 허니 토너 250ml","(원터치캡)프레쥬 유주 허니 토너 250ml [H24-01 / 24Ø / 백색]",10000,W106,,1
SCC-0017,어르신바디로션펌프,"어르신바디로션펌프 [GF-307 백색 33파이]",100,W106,,1
SCC-0023,"(펌프백색)페디슨 메터니티 퓨어 페미닌 클렌저 (밸런스 케어 베이직), 보르도 풋 샴푸","211AVP-L 백색 24파이",0,W104,,1
SCC-0263,"(펌프)페디슨 인스티튜트-보떼 프로폴리스 샴푸,린스공용","(펌프)페디슨 인스티튜트-보떼 프로폴리스 샴푸,린스공용 [GF-322 33파이 검정]",5000,W106,,1
SCD0001,향초디퍼,"향초디퍼 [향초덮개]",217,W106,,1
SFJSC01,"프레쥬 썬 황사 마스크",,0,W104,,1
SISPN00,"아이리스 골드 모이스처 컨트롤 샴푸 1500ml (2008)","아이리스 골드 모이스처 컨트롤 샴푸 1500ml (2008)",-212,W104,,1
SKA-1164,"(3종케이스)잔느칼망 허브 투스페이스트 어쏘티드 컬렉션 (3종세트)",오리지날1+피앤카밍1+퓨어앤샤인1,0,W104,,1
SKMHC01,"켈리스모이스처크림 주걱","켈리스모이스처크림 주걱",790,W106,,1
SMBL000,"쉐마 리페어 인텐시브 아르간오일 바디로션","쉐마 리페어 인텐시브 아르간오일 바디로션",-2070,W104,,1
SMLDF01,"(10개입)디퓨져 블랙섬유스틱","(10개입)디퓨져 블랙섬유스틱 [블랙4MM(10개입)]",-162,W106,,1
SMLDF02,"(1개입)디퓨져 화이트섬유스틱","(1개입)디퓨져 화이트섬유스틱 [화이트4MM(1개)]",-601,W106,,1
SOB-6600,"로즈마인 1L 바디로션 용기 (구 샴바드퓨어바디에센스용기)","로즈마인 1L 바디로션 용기 (구 샴바드퓨어바디에센스용기) [1L 백색 32Ø]",5000,W106,,1
SOB-9401,샤샤아르간샴푸용기,"샤샤아르간샴푸용기 [1500ml, 용기 용량 100g 이상되어야함]",10000,W106,,1
SOBKN01,"휴대용 소용기","휴대용 소용기",75,W106,,1
SOBKN02,"휴대용 스프레이","휴대용 스프레이",187,W106,,1
SOBKN04,미니어처공병20g,미니어처공병20g,283,W106,,1
SOBKN05,미미로린스드레스미스트공병60g,미미로린스드레스미스트공병60g,-20,W106,,1
SOBKN06,미미로린스바디스플레쉬공병20g,미미로린스바디스플레쉬공병20g,485,W106,,1
SOFCP00,"어클락 퓨어 마일드 클렌징폼","어클락 퓨어 마일드 클렌징폼 [2g]",9630,W104,,1
SSBCB00,"스타바스 샤워볼","스타바스 샤워볼",1029,W106,,1
SSC-0780,"(라벨)페디슨 인스티튜트 보떼 오리엔탈 허브 샴푸","(라벨)페디슨 인스티튜트 보떼 오리엔탈 허브 샴푸 [전면만부착]",5000,W106,,1
SSC-0928,"(전후면라벨)로에랑스 블리스 마이바디 퍼퓸미스트- 해피데이","(전후면라벨)로에랑스 블리스 마이바디 퍼퓸미스트- 해피데이",10000,W106,,1
SSE-9411,샤샤아르간샴푸스티카,샤샤아르간샴푸스티카,10000,W106,,1
SSHS000,헤어끈,헤어끈,1231,W106,,1
SSKAR001,"로즈마인퍼퓸터치케이스(로맨틱핑크 반달상자)",,0,W104,,1
SWMGT00,"위드미 아이브로우 가이드 툴(눈썹 가이드)","위드미 아이브로우 가이드 툴(눈썹 가이드)",831,W106,,1
SWMHG00,"위드미 소머치 헤어 메이킹 미스트_가리게","위드미 소머치 헤어 메이킹 미스트_가리게",438,W106,,1
SXA-5402,캐어미어르신바디로션대박스,"캐어미어르신바디로션대박스 [435*360*300]",500,W106,,1
SXA-9400,샤샤아르간샴푸린스박스,"샤샤아르간샴푸린스박스 [400*300*300]",500,W106,,1
SXC-5400,캐어미어르신바디로션인박스,"캐어미어르신바디로션인박스 [420*170*284]",1000,W106,,1
SZA-0023,"(퍼프)위드미 크레이지 커버 컨실러 파운데이션","(퍼프)위드미 크레이지 커버 컨실러 파운데이션",425,W106,,1
TBHM001,"에바스 트루스인바디 오리지널핑크 핸드미스트 비누향",,0,W104,,1
TBHM002,"에바스 트루스인바디 오리지널핑크 핸드미스트 머스크향",,0,W104,,1
TOAP001,"시온 테카줄렌 블루 카밍 앰플","시온 테카줄렌 블루 카밍 앰플 [50ml]",311,W104,,1
TOAP002,"시온 세라-샷 피디알엔 핑크 리페어 앰플","시온 세라-샷 피디알엔 핑크 리페어 앰플 [50ml]",826,W104,,1
TOAP003,"시온 알파-알부틴 멀티토닝 앰플","시온 알파-알부틴 멀티토닝 앰플 [50ml]",292,W104,,1
VMBA001,"밸르모나 얼쓰리페어 본딩 앰플",15ml*6,0,W104,,1
VMBC002,"발모나 휘핑 모이스처 바디워시- 올리브오일&밀크","발모나 휘핑 모이스처 바디워시- 올리브오일&밀크 [1500ml]",-8,W104,,1
VMCP001,"밸르모나 얼쓰리페어 본딩 컴파운드",40ml,0,W104,,1
VMHS001,"밸르모나 얼티밋 헤어 오일 세럼- 아로마 컴포지션","밸르모나 얼티밋 헤어 오일 세럼- 아로마 컴포지션 [100ml]",55,W104,,1
VMHS002,"밸르모나 얼티밋 헤어 오일 세럼- 애프리콧 컨져브",100ml,0,W104,,1
VMHS003,"밸르모나 얼티밋 헤어 오일 세럼- 블랙피오니",100ml,0,W104,,1
VMHS004,"밸르모나 얼티밋 헤어 오일 세럼- 앰버바닐라",100ml,0,W104,,1
VMHS005,"밸르모나 얼티밋 헤어 오일 세럼- 프레쉬베이","밸르모나 얼티밋 헤어 오일 세럼- 프레쉬베이 [100ml]",63,W104,,1
VMOL001,"밸르모나 얼쓰리페어 본딩 오일","밸르모나 얼쓰리페어 본딩 오일 [30ml]",-10,W104,,1
VMPF008,"밸르모나 요크마요 프로테인 필드","밸르모나 요크마요 프로테인 필드 [200ml]",-133,W104,,1
VMPF009,"밸르모나 블루클리닉 프로테인 필드","밸르모나 블루클리닉 프로테인 필드 [200ml]",-89,W104,,1
VMRS004,"밸르모나 아유르베딕 손상모 솔루션 블랙커민 모발 영양팩","밸르모나 아유르베딕 손상모 솔루션 블랙커민 모발 영양팩 [480ml]",11,W104,,1
VMRS005,"밸르모나 파워풀 솔루션 블랙피오니 서리태 모발 영양팩","밸르모나 파워풀 솔루션 블랙피오니 서리태 모발 영양팩 [480ml]",541,W104,,1
VMRS007,"밸르모나 슈가 벨벳 밀크 모발 영양팩","밸르모나 슈가 벨벳 밀크 모발 영양팩 [480ml]",12,W104,,1
VMRS008,"밸르모나 요크마요 모발 영양팩","밸르모나 요크마요 모발 영양팩 [480ml]",1440,W104,,1
VMRS009,"밸르모나 블루클리닉 모발 영양팩","밸르모나 블루클리닉 모발 영양팩 [480ml]",485,W104,,1
VMRS010,"밸르모나 얼쓰 안티 헤어로스 트리트먼트","밸르모나 얼쓰 안티 헤어로스 트리트먼트 [120ml]",-48,W104,,1
VMRS011,"밸르모나 얼쓰 리페어 본딩 트리트먼트","밸르모나 얼쓰 리페어 본딩 트리트먼트 [500ml]",-149,W104,,1
VMRSM04,"밸르모나 아유르베딕 손상모 솔루션 블랙커민 모발 영양팩","밸르모나 아유르베딕 손상모 솔루션 블랙커민 모발 영양팩 [100ml / 튜브]",80,W104,,1
VMRSM05,"밸르모나 파워풀 솔루션 블랙피오니 서리태 모발 영양팩","밸르모나 파워풀 솔루션 블랙피오니 서리태 모발 영양팩 [100ml / 튜브]",-22,W104,,1
VMRSM07,"밸르모나 슈가 벨벳 밀크 모발 영양팩","밸르모나 슈가 벨벳 밀크 모발 영양팩 [100ml / 튜브]",1787,W104,,1
VMRSM08,"밸르모나 요크마요 모발 영양팩","밸르모나 요크마요 모발 영양팩 [100ml / 튜브]",17,W104,,1
VMRSM09,"밸르모나 블루클리닉 모발 영양팩","밸르모나 블루클리닉 모발 영양팩 [100ml / 튜브]",528,W104,,1
VMRSP04,"밸르모나 아유르베딕 손상모 솔루션 블랙커민 모발 영양팩","밸르모나 아유르베딕 손상모 솔루션 블랙커민 모발 영양팩 [10ml / 파우치]",-2568,W104,,1
VMRSP05,"밸르모나 파워풀 솔루션 블랙피오니 서리태 모발 영양팩","밸르모나 파워풀 솔루션 블랙피오니 서리태 모발 영양팩 [10ml / 파우치]",1091,W104,,1
VMRSP07,"밸르모나 슈가 벨벳 밀크 모발 영양팩","밸르모나 슈가 벨벳 밀크 모발 영양팩 [10ml / 파우치]",-1319,W104,,1
VMRSP08,"밸르모나 요크마요 모발 영양팩","밸르모나 요크마요 모발 영양팩 [10ml / 파우치]",-1674,W104,,1
VMRSP09,"밸르모나 블루클리닉 모발 영양팩","밸르모나 블루클리닉 모발 영양팩 [10ml / 파우치]",-238,W104,,1
VMSF001,"밸르모나 얼쓰테라피 스칼프 퓨리파이어",25ml,0,W104,,1
VMSF3T1,"밸르모나 얼쓰테라피 스칼프 퓨리파이어 (3개 세트)",25ml*3,0,W104,,1
VMSP004,"밸르모나 아유르베딕 두피 솔루션 블랙커민 샴푸액","밸르모나 아유르베딕 두피 솔루션 블랙커민 샴푸액 [480ml]",1,W104,,1
VMSP005,"밸르모나 파워풀 솔루션 블랙피오니 서리태 샴푸액","밸르모나 파워풀 솔루션 블랙피오니 서리태 샴푸액 [480ml]",1094,W104,,1
VMSP006,"밸르모나 진생 헤리티지 고삼 샴푸액","밸르모나 진생 헤리티지 고삼 샴푸액 [300ml]",824,W104,,1
VMSP007,"밸르모나 슈가 벨벳 밀크 샴푸액","밸르모나 슈가 벨벳 밀크 샴푸액 [480ml]",-2,W104,,1
VMSP008,"밸르모나 요크마요 샴푸액","밸르모나 요크마요 샴푸액 [480ml]",-15,W104,,1
VMSP009,"밸르모나 블루클리닉 샴푸액","밸르모나 블루클리닉 샴푸액 [480ml]",182,W104,,1
VMSP010,"밸르모나 얼쓰 안티 헤어로스 샴푸",500ml,0,W104,,1
VMSP011,"밸르모나 얼쓰 리페어 본딩 샴푸",500ml,0,W104,,1
VMSP012,"밸르모나 얼쓰 블랙 샴푸","밸르모나 얼쓰 블랙 샴푸 [480g]",13,W106,,1
VMSP013,"밸르모나 얼쓰 바이탈 샴푸","밸르모나 얼쓰 바이탈 샴푸 [500g]",8,W106,,1
VMSP014,"밸르모나 얼쓰 아르간 오일 샴푸","밸르모나 얼쓰 아르간 오일 샴푸 [500ml]",2525,W104,,1
VMSPC04,"밸르모나 아유르베딕 두피 솔루션 블랙커민 샴푸액","밸르모나 아유르베딕 두피 솔루션 블랙커민 샴푸액 [100ml / 튜브]",101,W104,,1
VMSPC05,"밸르모나 파워풀 솔루션 블랙피오니 서리태 샴푸액","밸르모나 파워풀 솔루션 블랙피오니 서리태 샴푸액 [100ml / 튜브]",-734,W104,,1
VMSPM04,"밸르모나 아유르베딕 두피 솔루션 블랙커민 샴푸액","밸르모나 아유르베딕 두피 솔루션 블랙커민 샴푸액 [120ml / 튜브]",-1858,W104,,1
VMSPM05,"밸르모나 파워풀 솔루션 블랙피오니 서리태 샴푸액","밸르모나 파워풀 솔루션 블랙피오니 서리태 샴푸액 [120ml / 튜브]",-33,W104,,1
VMSPM07,"밸르모나 슈가 벨벳 밀크 샴푸액","밸르모나 슈가 벨벳 밀크 샴푸액 [100ml / 튜브]",1318,W104,,1
VMSPM08,"밸르모나 요크마요 샴푸액","밸르모나 요크마요 샴푸액 [100ml / 튜브]",19,W104,,1
VMSPM09,"밸르모나 블루클리닉 샴푸액","밸르모나 블루클리닉 샴푸액 [100ml / 튜브]",637,W104,,1
VMSPMR4,"밸르모나 아유르베딕 두피 솔루션 블랙커민 샴푸액","밸르모나 아유르베딕 두피 솔루션 블랙커민 샴푸액 [100ml / 튜브]",-459,W104,,1
VMSPMR5,"밸르모나 파워풀 솔루션 블랙피오니 서리태 샴푸액","밸르모나 파워풀 솔루션 블랙피오니 서리태 샴푸액 [100ml / 튜브]",-363,W104,,1
VMSPP04,"밸르모나 아유르베딕 두피 솔루션 블랙커민 샴푸액","밸르모나 아유르베딕 두피 솔루션 블랙커민 샴푸액 [10ml / 파우치]",-500,W104,,1
VMSPP05,"밸르모나 파워풀 솔루션 블랙피오니 서리태 샴푸액","밸르모나 파워풀 솔루션 블랙피오니 서리태 샴푸액 [10ml / 파우치]",-990,W104,,1
VMSPP06,"밸르모나 진생 헤리티지 고삼 샴푸액","밸르모나 진생 헤리티지 고삼 샴푸액 [파우치 / 6g]",711,W104,,1
VMSPP07,"밸르모나 슈가 벨벳 밀크 샴푸액","밸르모나 슈가 벨벳 밀크 샴푸액 [10ml / 파우치]",-16795,W104,,1
VMSPP08,"밸르모나 요크마요 샴푸액","밸르모나 요크마요 샴푸액 [10ml / 파우치]",688,W104,,1
VMSPP09,"밸르모나 블루클리닉 샴푸액","밸르모나 블루클리닉 샴푸액 [10ml / 파우치]",-1528,W104,,1
VMSS001,"밸르모나 얼쓰테라피 스칼프 스켈러","밸르모나 얼쓰테라피 스칼프 스켈러 [15ml*6]",-64,W104,,1
VMST001,"밸르모나 얼쓰 안티 헤어로스 스칼프 토닉","밸르모나 얼쓰 안티 헤어로스 스칼프 토닉 [40ml]",-785,W104,,1
VTFCM07,"비타민 클렌징폼 - 아보카도","비타민 클렌징폼 - 아보카도 [50ml]",-4,W104,,1
VVBL001,"빈시뷰 바디로션 퓨어 베일","빈시뷰 바디로션 퓨어 베일 [300 ml]",-1,W104,,1
VVBL002,"빈시뷰 바디로션 블룸 위스퍼","빈시뷰 바디로션 블룸 위스퍼 [300 ml]",-1,W104,,1
VVBL003,"빈시뷰 바디로션 체리 블러썸","빈시뷰 바디로션 체리 블러썸 [300 ml]",-1,W104,,1
WMAP001,"위드미 판테스틱 더마 시카 카밍 앰플","위드미 판테스틱 더마 시카 카밍 앰플 [30mL]",86,W104,,1
WMAP003,"위드미 판테스틱 더마 화이트닝 컨트롤 앰플","위드미 판테스틱 더마 화이트닝 컨트롤 앰플 [30mL]",-101,W104,,1
WMBL001,"위드미 판테스틱 더마 시카 AC로션","위드미 판테스틱 더마 시카 AC로션 [500ml]",-6,W104,,1
WMCR001,"위드미 스노우 화이트닝 크림","위드미 스노우 화이트닝 크림 [140ml]",-43,W104,,1
WMCR002,"위드미 핑크펄 화이트닝 크림","위드미 핑크펄 화이트닝 크림 [140ml]",-216,W104,,1
WMCR004,"위드미 판테스틱 더마 시카 크림","위드미 판테스틱 더마 시카 크림 [100ml]",73,W104,,1
WMCRM01,"위드미 스노우 화이트닝 크림","위드미 스노우 화이트닝 크림 [50ml 튜브타입]",-106,W104,,1
WMCRP01,"위드미 스노우 화이트닝 크림(파우치)","위드미 스노우 화이트닝 크림(파우치) [파우치 / 2ml]",-21,W104,,1
WMFC000,"에바스 위드미 화이트 퍼펙션 포밍 클렌저","에바스 위드미 화이트 퍼펙션 포밍 클렌저",125,W104,,1
WMFO001,"위드미 엑스트라 너트6 딥 페이스 오일","위드미 엑스트라 너트6 딥 페이스 오일 [50ml]",64,W104,,1
WMHM001,"위드미 쏘머치 헤어 메이킹 미스트 01 자연흑색","위드미 쏘머치 헤어 메이킹 미스트 01 자연흑색 [120g]",444,W106,,1
WMHM002,"위드미 쏘머치 헤어 메이킹 미스트 02 자연갈색",120g,0,W104,,1
WMLG001,"위드미 시그널 샤인 립글로스 앤 밤- No.01 마린블루펄",10g,0,W104,,1
WMLG002,"위드미 시그널 샤인 립글로스 앤 밤- No.02 체리블러썸펄",10g,0,W104,,1
WMLT003,"위드미 시그널 벨벳 립 마스터- 03.무드 시그널",4.5g,0,W104,,1
WMLT009,"위드미 시그널 벨벳 립 마스터- 09.블러썸 시그널",4.5g,0,W104,,1
WMLT021,"위드미 시그널 벨벳 립 마스터- 21.버닝 시그널",4.5g,0,W104,,1
WMLT022,"위드미 시그널 벨벳 립 마스터- 22.로지 시그널",4.5g,0,W104,,1
WMLT023,"위드미 시그널 벨벳 립 마스터- 23.누보 시그널",4.5g,0,W104,,1
WMLT024,"위드미 시그널 벨벳 립 마스터- 24.메이플 시그널",4.5g,0,W104,,1
WMLT025,"위드미 시그널 벨벳 립 마스터- 25.브릭 시그널",4.5g,0,W104,,1
WMLT102,"위드미 시그널 글로우 립 마스터- 102.슈슈 시그널",4.5g,0,W104,,1
WMLT103,"위드미 시그널 글로우 립 마스터- 103.포에버 시그널",4.5g,0,W104,,1
WMLT104,"위드미 시그널 글로우 립 마스터- 104.조이 시그널",4.5g,0,W104,,1
WMLT105,"위드미 시그널 글로우 립 마스터- 105.판타지 시그널",4.5g,0,W104,,1
WMMT001,"위드미 하이드레이팅 앰플 미스트","위드미 하이드레이팅 앰플 미스트 [300ml]",-10,W104,,1
WMPK001,"위드미 어썸블랙 포어 클리어 팩","위드미 어썸블랙 포어 클리어 팩 [30g]",7967,W104,,1
WMTN001,"위드미 스노우 화이트닝 포어 토너","위드미 스노우 화이트닝 포어 토너 [500ml]",-16,W104,,1
WMTN002,"위드미 판테스틱 더마 시카 퓨리파잉 토너","위드미 판테스틱 더마 시카 퓨리파잉 토너 [500ml]",-1,W104,,1